",0,1,2,3,4,5,6,7,8,9,10,11,12,13,14,15,16,17,18,19,20,21,22,23,24,25,26,27,28,29,30"
"0,jini_kkyu,모델,팔로우,강남,me,좋아요반사,followme,ootd,daily,좋아요,girl,셀피,follow,korean,맞팔,오늘의훈녀,훈녀,f4f,클럽,데일리룩,선팔,소통,selfie,셀카,dailylook,이태원,옥타곤,l4l,korea,,"
"1,u_llm,네버엔딩,규미생일,,,,,,,,,,,,,,,,,,,,,,,,,,,,"
"2,Null,이태원,두정동,일상,강남,선팔,좋아요반사,논현,신림,팔로우,인친,충장로,세종,데일리,99,수완지구,좋아요,분당,신사,서면,00,맞팔,동성로,신시가지,홍대,전주,인계동,구월동,성수동,둔산동,"
"3,gg.yul_,셀피,뷰티,이태원,daily,photograph,좋반,팔로우,style,강남,follow,weekend,instagram,selfie,instadaily,ballet,일상,맞팔,instalike,21,photooftheday,셀카,99,instagood,데일리,ootd,소통,likeforfollow,photo,,"
"4,sxhxx_z on Instagram,,,,,,,,,,,,,,,,,,,,,,,,,,,,,,"
"5,iamsezero,운동하는여자,데일리룩,ootd,selfie,다이어트,구시청,가로수길카페,둔산동,바디체크,압구정,코디추천,상무지구,나이키,데이트룩,셀카,바캉스룩,신사,홈트,신사역카페,강남,눈바디,논현,비키니,셀기꾼,셀스타,이태원,오피스룩,,,"
"6,modicc__,,,,,,,,,,,,,,,,,,,,,,,,,,,,,,"
"7,zz_nong_,데일리,셀피,이태원,인친,강남,me,좋반,ootd,소통,selfie,instagood,가로수길,셀카,일산,일상스타그램,데일리룩,고양,daily,피드,셀스타스램,좋아요,전신샷,likeforlikes,follow,일상,like4likes,selca,오오티디,셀기꾼,팔로우"
"8,divedeepinto_you on ,,,,,,,,,,,,,,,,,,,,,,,,,,,,,,"
"9,club_itaewon_made,호야,이태원클럽,강남클럽,클럽엠디,이태원메이드,무브,아스터,엠디,직장인,프로그,이태원,맛집,이태원맛집,이태원핫플,인스타그램,페이스,오늘의훈녀,이태원메이드엠디,경리단길,클럽,이메엠디,무료입장,싱크홀,이메게스트,이태원메이드게스트,이태원무브,이메,클럽무료입장,메이드,핫플"
"10,clubmade_named,메이드게스트,파운틴,페이스,이태원메이드테이블,메이드테이블,클럽플렉스,메이드클럽,메이드,이태원메이드게스트,클럽메이드,플렉스,이태원,프로스트,글램,이태원메이드,,,,,,,,,,,,,,,"
"11,nannan990210,이태원,,,,,,,,,,,,,,,,,,,,,,,,,,,,,"
"12,itaewon_made_club,이태원메이드게스트,클럽,인스타그램,이태원메이드테이블,이메테이블문의,이태원메이드게스트입장,이태원메이드테이블예약,이메게스트,부추,이메테이블예약,이메테이블,이태원클럽,메이드엠디,이태원메이드가격,이태원메이드,이태원,메이드무료입장,이메,메이드게스트,이태원메이드무료입장,엠디,이태원핫플,이태원메이드엠디,메이드테이블문의,이메게스트문의,이태원메이드게스트신청,테이블문의,클럽메이드,이태원메이드예약,이태원메이드게스트무료입장"
"13,itaewon_made_club,이태원메이드,이태원메이드테이블,클럽메이드,이태원핫플,이태원클럽,이태원메이드테이블예약,부추,이태원,이메테이블,메이드엠디,이메테이블예약,메이드테이블문의,이태원메이드예약,이메게스트문의,이태원메이드무료입장,엠디,이태원메이드게스트,이태원메이드게스트무료입장,메이드게스트,이태원메이드가격,이메게스트,이메테이블문의,메이드무료입장,인스타그램,이태원메이드엠디,이태원메이드게스트신청,테이블문의,이메,이태원메이드게스트입장,클럽"
"14,itaewon_made_club,이메,이메게스트문의,메이드무료입장,클럽메이드,테이블문의,인스타그램,메이드테이블문의,이태원메이드게스트,이태원메이드게스트입장,부추,이태원메이드게스트신청,이태원,이메테이블문의,이메게스트,이태원메이드가격,이태원메이드테이블예약,엠디,이태원핫플,이메테이블,이메테이블예약,클럽,이태원메이드예약,이태원메이드엠디,메이드게스트,이태원메이드,메이드엠디,이태원클럽,이태원메이드무료입장,이태원메이드게스트무료입장,이태원메이드테이블"
"15,tigersden.official,,,,,,,,,,,,,,,,,,,,,,,,,,,,,,"
"16,clubmadeofficial,클럽플렉스,이태원메이드,글램,메이드테이블,파운틴,이태원,플렉스,클럽메이드,이태원메이드게스트,프로스트,메이드클럽,페이스,메이드,메이드게스트,이태원메이드테이블,,,,,,,,,,,,,,,"
"17,k_ddong__99,가구,인친,이태원,운동스타그램,신사동,광안리,인스타그램,셀피,디뮤지엄,쇼핑,라이크,감성,동성로,해운대,서면,셀기꾼,팔로우,술스타그램,인테리어,좋아요반사,예쁜카페,좋아요,소통,데일리,팔로미,셀스타그램,가로수길,사진,영화,홍대"
"18,wfdw6,클스타그램,클럽녀,회식,클럽스타그램,매스,옥타곤,비트코인,차스타그램,도깨비,강남역토토가,주말,이태원,생일,페이스,모임,홍대,술집,클럽남,부동산,클럽,주식,술집추천,토토가,,,,,,,"
"19,urikerz on Instagram,fff,instadaily,l4l,instagood,좋아요,동성로,부산,가로수길,instamood,팔로우,일상,셀카,daily,좋아요반사,삼산,해운대,강남,selca,울산,인친,f4f,likeforfollow,selfie,맞팔,광안리,instagram,소통,이태원,첫줄,"
"20,_yy__3__ on Instagra,,,,,,,,,,,,,,,,,,,,,,,,,,,,,,"
"21,jini_kkyu,dailylook,소통,daily,follow,girl,모델,좋아요,셀피,korea,me,ootd,맞팔,이태원,l4l,selfie,셀카,좋아요반사,korean,클럽,강남,오늘의훈녀,followme,훈녀,선팔,옥타곤,데일리룩,f4f,팔로우,,"
"22,u_llm,네버엔딩,규미생일,,,,,,,,,,,,,,,,,,,,,,,,,,,,"
"23,Null,둔산동,두정동,좋아요,성수동,인친,좋아요반사,맞팔,강남,선팔,동성로,인계동,99,00,충장로,논현,홍대,신사,팔로우,일상,이태원,신림,구월동,신시가지,전주,서면,데일리,세종,분당,수완지구,"
"24,gg.yul_,photooftheday,photo,ballet,팔로우,follow,instadaily,소통,일상,instalike,21,selfie,daily,ootd,instagood,photograph,뷰티,셀피,좋반,맞팔,instagram,데일리,강남,99,weekend,likeforfollow,이태원,style,셀카,,"
"25,sxhxx_z on Instagram,,,,,,,,,,,,,,,,,,,,,,,,,,,,,,"
"26,iamsezero,코디추천,바디체크,바캉스룩,오피스룩,셀카,셀기꾼,데일리룩,ootd,강남,홈트,나이키,다이어트,이태원,신사역카페,셀스타,상무지구,가로수길카페,압구정,논현,비키니,둔산동,selfie,데이트룩,눈바디,운동하는여자,구시청,신사,,,"
"27,modicc__,,,,,,,,,,,,,,,,,,,,,,,,,,,,,,"
"28,zz_nong_,오오티디,일상,데일리,셀카,셀스타스램,일산,me,데일리룩,강남,팔로우,selfie,피드,셀피,follow,instagood,셀기꾼,전신샷,좋아요,가로수길,likeforlikes,일상스타그램,like4likes,ootd,고양,소통,selca,이태원,daily,인친,좋반"
"29,divedeepinto_you on ,,,,,,,,,,,,,,,,,,,,,,,,,,,,,,"
"30,club_itaewon_made,이태원,강남클럽,프로그,클럽엠디,호야,아스터,무브,이태원맛집,맛집,클럽무료입장,인스타그램,이메,싱크홀,오늘의훈녀,이태원메이드,직장인,이태원무브,엠디,이태원메이드게스트,이태원메이드엠디,이태원클럽,이메게스트,페이스,메이드,경리단길,이태원핫플,이메엠디,무료입장,핫플,클럽"
"31,clubmade_named,클럽플렉스,이태원메이드테이블,프로스트,이태원,플렉스,페이스,메이드테이블,클럽메이드,파운틴,메이드게스트,메이드,메이드클럽,이태원메이드게스트,글램,이태원메이드,,,,,,,,,,,,,,,"
"32,nannan990210,이태원,,,,,,,,,,,,,,,,,,,,,,,,,,,,,"
"33,itaewon_made_club,이태원핫플,메이드엠디,이태원메이드게스트,이메테이블,이태원메이드게스트입장,이태원메이드,테이블문의,이태원,이태원메이드게스트신청,메이드무료입장,이태원메이드엠디,메이드테이블문의,이메테이블예약,이태원메이드테이블예약,이메테이블문의,이태원메이드예약,인스타그램,이태원클럽,이메게스트문의,클럽메이드,이태원메이드가격,부추,이메게스트,이태원메이드게스트무료입장,이메,엠디,메이드게스트,클럽,이태원메이드무료입장,이태원메이드테이블"
"34,itaewon_made_club,이메테이블예약,이태원메이드게스트,이메게스트문의,이태원메이드예약,이메테이블문의,부추,엠디,메이드엠디,클럽,이태원클럽,이태원메이드게스트신청,이메게스트,이메테이블,이태원메이드게스트입장,이태원메이드게스트무료입장,이메,클럽메이드,테이블문의,이태원메이드가격,이태원메이드,메이드게스트,이태원메이드엠디,이태원메이드테이블예약,이태원핫플,이태원,인스타그램,이태원메이드테이블,메이드테이블문의,메이드무료입장,이태원메이드무료입장"
"35,itaewon_made_club,클럽,메이드게스트,메이드무료입장,이태원메이드테이블,인스타그램,이메테이블,이태원메이드테이블예약,이태원메이드게스트무료입장,이태원메이드엠디,이태원메이드가격,이태원메이드,이태원클럽,이태원핫플,이태원메이드게스트입장,이메테이블예약,이태원메이드예약,이태원메이드게스트,이태원메이드게스트신청,이메게스트,이메게스트문의,클럽메이드,이태원,부추,엠디,이태원메이드무료입장,메이드엠디,메이드테이블문의,이메테이블문의,이메,테이블문의"
"36,tigersden.official,,,,,,,,,,,,,,,,,,,,,,,,,,,,,,"
"37,clubmadeofficial,글램,메이드클럽,프로스트,메이드테이블,이태원메이드테이블,메이드,클럽플렉스,플렉스,페이스,클럽메이드,이태원메이드게스트,이태원,메이드게스트,이태원메이드,파운틴,,,,,,,,,,,,,,,"
"38,k_ddong__99,라이크,예쁜카페,가구,영화,셀기꾼,팔로미,사진,가로수길,디뮤지엄,광안리,인친,쇼핑,좋아요,술스타그램,인스타그램,데일리,셀피,홍대,동성로,신사동,인테리어,셀스타그램,감성,좋아요반사,운동스타그램,팔로우,소통,해운대,이태원,서면"
"39,wfdw6,모임,강남역토토가,클스타그램,홍대,주식,비트코인,매스,도깨비,클럽,클럽남,주말,차스타그램,생일,술집추천,이태원,클럽녀,페이스,술집,부동산,회식,클럽스타그램,옥타곤,토토가,,,,,,,"
"40,urikerz on Instagram,instadaily,instamood,맞팔,좋아요반사,인친,selfie,동성로,fff,일상,부산,강남,해운대,selca,daily,l4l,이태원,좋아요,f4f,셀카,첫줄,울산,가로수길,instagood,팔로우,삼산,소통,instagram,광안리,likeforfollow,"
"41,_yy__3__ on Instagra,,,,,,,,,,,,,,,,,,,,,,,,,,,,,,"
"42,Null,홍대,이태원,like4likes,좋튀,맞좋,좋테,좋아요반사,선팔하면맞팔,인친,likelike,선팔,좋반,훈녀,맞팔,뷰티,오늘의훈녀,좋반사,선팔환영,likeforlikes,좋아요테러,좋테반사,좋반테러,좋아요,강남,23살,,,,,"
"43,godsujin_,f4f,좋반테러,선팔,일상,맞팔,소통,선팔하면맞팔,이태원,좋반,팔로우,맞팔해요,follow,셀카,선팔맞팔,얼스타그램,후암동,셀피,데일리,소통해요,좋아요,,,,,,,,,,"
"44,joooo_oooooo,좋아요,친구,서울,대방어,ootd,아인슈페너,instagram,좋아요반사,이태원,인스타그램,얼스타그램,인계동,26,압구정,팔로우,목동,주말,daily,영등포,일상,데일리룩,데일리,selca,부산,selfie,등촌동,카페,신촌,셀카,서면"
"45,hxx.__mx,,,,,,,,,,,,,,,,,,,,,,,,,,,,,,"
"46,sophie_timmy_eddie,불금??,겨울밤,한남동,이태원,뮤직라이브러리,,,,,,,,,,,,,,,,,,,,,,,,,"
"47,itaewon_made_club,클럽메이드,메이드무료입장,이메테이블,이태원메이드엠디,이메게스트문의,이태원메이드테이블예약,이태원메이드무료입장,이태원메이드가격,이메게스트,이태원메이드게스트,이태원메이드게스트신청,메이드테이블문의,부추,이태원핫플,메이드게스트,테이블문의,메이드엠디,이메테이블예약,이태원클럽,이태원메이드테이블,클럽,인스타그램,이태원메이드예약,이태원,이태원메이드게스트입장,이메,이태원메이드,이태원메이드게스트무료입장,이메테이블문의,엠디"
"48,kimhaedong8425,불토,디에이,음악,이태원,인생,플렉스,힙합,디에이테이블조각,신나,로컬,와꾸,불금,일렉,인트로,힐링,좋아,클럽디에이,핫플레이스,생일,옥타곤,러브,하트,edm,디에이클럽,디에이조각,일상,오늘,클럽테이블조각,썸,지금"
"49,itaewon_made_club,이태원메이드게스트입장,이메,메이드게스트,엠디,이태원메이드엠디,이태원핫플,인스타그램,테이블문의,이태원메이드게스트,부추,이메테이블예약,클럽메이드,이태원,이태원메이드가격,메이드무료입장,클럽,이태원메이드무료입장,이메게스트문의,이태원메이드,이메테이블문의,이메게스트,이태원메이드게스트신청,이태원메이드테이블예약,이태원메이드게스트무료입장,메이드테이블문의,이태원메이드테이블,메이드엠디,이태원메이드예약,이태원클럽,이메테이블"
"50,kimhaedong8425,좋아,디에이조각,클럽테이블조각,힐링,오늘,음악,클럽디에이,인생,플렉스,썸,디에이,생일,로컬,디에이클럽,이태원,불금,옥타곤,edm,일렉,핫플레이스,신나,일상,디에이테이블조각,불토,하트,러브,와꾸,지금,인트로,힙합"
"51,itaewon_made_club,메이드테이블문의,메이드무료입장,인스타그램,이메,이태원핫플,이메테이블문의,이메테이블예약,메이드게스트,이태원메이드예약,이태원클럽,클럽,이태원메이드게스트,이메게스트문의,이태원메이드테이블예약,이태원메이드게스트신청,메이드엠디,이태원메이드게스트무료입장,이태원메이드엠디,이메테이블,클럽메이드,부추,이메게스트,이태원메이드게스트입장,이태원메이드,이태원,테이블문의,이태원메이드무료입장,이태원메이드가격,엠디,이태원메이드테이블"
"52,rani.n_store,selca,하객룩,한남동카페,결혼식패션,셀스타그램,dailylook,한남동,창원,신상,데이트룩,서울,서울카페,셀카,스토어팜,셀피,스마트스토어,겨울신상,라니앤,daily,ootd,주말,기장카페,이태원,sale,서면카페,부산,오피스룩,데일리,지그재그,"
"53,crow35532,모임,술집추천,클럽,클스타그램,회식,강남역토토가,홍대,차스타그램,부동산,토토가,클럽남,주말,생일,도깨비,옥타곤,매스,비트코인,클럽스타그램,페이스,술집,이태원,클럽녀,주식,,,,,,,"
"54,jini_kkyu,훈녀,ootd,데일리룩,옥타곤,girl,클럽,팔로우,follow,선팔,dailylook,맞팔,followme,셀피,이태원,오늘의훈녀,셀카,강남,me,korean,daily,좋아요반사,f4f,좋아요,selfie,korea,l4l,모델,소통,,"
"55,u_llm,규미생일,네버엔딩,,,,,,,,,,,,,,,,,,,,,,,,,,,,"
"56,Null,수완지구,서면,둔산동,인친,신사,팔로우,분당,강남,신림,좋아요,00,좋아요반사,인계동,99,성수동,전주,맞팔,충장로,신시가지,홍대,논현,세종,데일리,일상,두정동,이태원,선팔,구월동,동성로,"
"57,gg.yul_,이태원,photograph,맞팔,style,21,ballet,99,셀카,weekend,소통,instadaily,셀피,follow,좋반,instagram,photo,강남,likeforfollow,ootd,뷰티,instalike,selfie,데일리,instagood,팔로우,photooftheday,일상,daily,,"
"58,sxhxx_z on Instagram,,,,,,,,,,,,,,,,,,,,,,,,,,,,,,"
"59,iamsezero,둔산동,구시청,눈바디,상무지구,운동하는여자,강남,셀기꾼,셀카,셀스타,홈트,오피스룩,바디체크,코디추천,ootd,selfie,논현,데이트룩,데일리룩,신사,바캉스룩,신사역카페,가로수길카페,이태원,비키니,압구정,다이어트,나이키,,,"
"60,modicc__,,,,,,,,,,,,,,,,,,,,,,,,,,,,,,"
"61,zz_nong_,follow,me,고양,좋아요,like4likes,인친,좋반,일산,데일리룩,instagood,셀스타스램,오오티디,데일리,일상스타그램,가로수길,likeforlikes,셀카,selca,selfie,이태원,피드,강남,ootd,셀피,일상,daily,소통,셀기꾼,팔로우,전신샷"
"62,divedeepinto_you on ,,,,,,,,,,,,,,,,,,,,,,,,,,,,,,"
"63,club_itaewon_made,이메엠디,엠디,직장인,이태원클럽,클럽무료입장,무료입장,싱크홀,핫플,호야,이메게스트,이태원메이드엠디,프로그,클럽엠디,강남클럽,이태원맛집,아스터,이태원메이드게스트,이태원메이드,페이스,이태원,맛집,이메,경리단길,인스타그램,클럽,무브,오늘의훈녀,이태원무브,이태원핫플,메이드"
"64,clubmade_named,프로스트,파운틴,이태원,메이드테이블,메이드게스트,플렉스,이태원메이드,이태원메이드게스트,이태원메이드테이블,메이드클럽,메이드,클럽메이드,클럽플렉스,페이스,글램,,,,,,,,,,,,,,,"
"65,nannan990210,이태원,,,,,,,,,,,,,,,,,,,,,,,,,,,,,"
"66,itaewon_made_club,이메테이블,이태원메이드엠디,이태원메이드무료입장,이태원,이태원메이드예약,메이드무료입장,이태원핫플,이태원메이드게스트무료입장,이메게스트,이태원메이드테이블,클럽,이태원클럽,이태원메이드게스트신청,이태원메이드테이블예약,인스타그램,테이블문의,이태원메이드가격,부추,메이드게스트,이메게스트문의,메이드엠디,이태원메이드게스트입장,이태원메이드게스트,엠디,이태원메이드,이메테이블문의,이메테이블예약,이메,메이드테이블문의,클럽메이드"
"67,itaewon_made_club,테이블문의,이태원메이드게스트,이태원메이드무료입장,클럽메이드,이태원메이드테이블,엠디,이태원메이드게스트신청,인스타그램,이태원메이드게스트입장,이태원메이드엠디,이태원,이메,이태원메이드테이블예약,부추,클럽,이태원메이드예약,메이드테이블문의,이메테이블문의,이메테이블,이메테이블예약,이메게스트,메이드엠디,이태원클럽,메이드게스트,메이드무료입장,이메게스트문의,이태원메이드,이태원핫플,이태원메이드가격,이태원메이드게스트무료입장"
"68,itaewon_made_club,이메게스트,클럽메이드,이메테이블,인스타그램,이태원메이드무료입장,이태원메이드테이블예약,이태원메이드예약,테이블문의,부추,메이드게스트,이메,이태원메이드게스트,이메테이블문의,메이드테이블문의,이태원메이드테이블,엠디,이태원메이드,이메테이블예약,메이드엠디,이메게스트문의,이태원메이드게스트신청,이태원메이드엠디,이태원메이드게스트무료입장,이태원클럽,이태원핫플,이태원,이태원메이드게스트입장,이태원메이드가격,메이드무료입장,클럽"
"69,tigersden.official,,,,,,,,,,,,,,,,,,,,,,,,,,,,,,"
"70,clubmadeofficial,글램,클럽메이드,이태원메이드테이블,이태원메이드게스트,메이드,메이드클럽,메이드게스트,클럽플렉스,플렉스,메이드테이블,페이스,이태원메이드,파운틴,이태원,프로스트,,,,,,,,,,,,,,,"
"71,k_ddong__99,셀스타그램,동성로,팔로미,광안리,라이크,셀기꾼,가로수길,술스타그램,예쁜카페,데일리,해운대,좋아요,신사동,사진,운동스타그램,디뮤지엄,인스타그램,인친,홍대,셀피,영화,쇼핑,서면,가구,소통,감성,좋아요반사,인테리어,이태원,팔로우"
"72,wfdw6,주식,주말,클럽남,술집추천,차스타그램,이태원,클럽스타그램,회식,부동산,생일,홍대,토토가,비트코인,클럽녀,클럽,도깨비,클스타그램,옥타곤,모임,매스,술집,강남역토토가,페이스,,,,,,,"
"73,urikerz on Instagram,팔로우,daily,소통,selfie,instadaily,instamood,likeforfollow,instagood,부산,강남,instagram,울산,이태원,셀카,동성로,l4l,일상,좋아요,해운대,첫줄,광안리,f4f,좋아요반사,selca,맞팔,인친,가로수길,fff,삼산,"
"74,_yy__3__ on Instagra,,,,,,,,,,,,,,,,,,,,,,,,,,,,,,"
"75,Null,맞팔,좋테,선팔환영,likelike,좋반,선팔,맞좋,좋테반사,좋반사,좋아요,선팔하면맞팔,like4likes,훈녀,이태원,좋튀,홍대,좋아요반사,인친,23살,오늘의훈녀,뷰티,좋아요테러,좋반테러,likeforlikes,강남,,,,,"
"76,godsujin_,,,,,,,,,,,,,,,,,,,,,,,,,,,,,,"
"77,joooo_oooooo,서면,신촌,서울,팔로우,대방어,26,영등포,instagram,아인슈페너,얼스타그램,일상,이태원,친구,목동,ootd,selfie,데일리,데일리룩,등촌동,좋아요반사,좋아요,부산,인스타그램,인계동,daily,카페,압구정,selca,주말,셀카"
"78,hxx.__mx,followme,like4follow,fff,followback,followforfollowback,follow4followback,follow4like,like4likes,ootd,likesforlike,instagood,lfl,f4follow,f4f,likeforlikes,,,,,,,,,,,,,,,"
"79,sophie_timmy_eddie,이태원,불금??,한남동,겨울밤,뮤직라이브러리,,,,,,,,,,,,,,,,,,,,,,,,,"
"80,itaewon_made_club,이태원메이드게스트무료입장,엠디,인스타그램,이태원메이드게스트입장,이메,이태원메이드가격,이메테이블,이태원메이드무료입장,이태원핫플,메이드엠디,이메테이블예약,이태원,이태원메이드엠디,이태원메이드게스트신청,이태원메이드테이블예약,메이드테이블문의,이태원메이드,부추,메이드무료입장,이태원클럽,테이블문의,이메게스트문의,메이드게스트,클럽,이태원메이드테이블,이태원메이드예약,이태원메이드게스트,이메테이블문의,이메게스트,클럽메이드"
"81,kimhaedong8425,플렉스,힙합,핫플레이스,불토,디에이테이블조각,썸,인생,러브,로컬,옥타곤,클럽테이블조각,불금,클럽디에이,디에이,인트로,하트,디에이조각,생일,일렉,디에이클럽,edm,와꾸,일상,힐링,음악,오늘,지금,신나,이태원,좋아"
"82,itaewon_made_club,이태원메이드무료입장,이메,클럽메이드,이태원메이드가격,인스타그램,이태원메이드엠디,메이드테이블문의,이태원클럽,이메게스트,메이드엠디,이메테이블예약,이태원메이드게스트무료입장,부추,테이블문의,이태원핫플,이태원메이드게스트신청,엠디,메이드게스트,메이드무료입장,이태원메이드,이태원메이드게스트입장,이메테이블문의,이태원메이드테이블예약,이메게스트문의,이태원메이드예약,이태원메이드게스트,이태원메이드테이블,이태원,이메테이블,클럽"
"83,kimhaedong8425,불금,생일,일렉,디에이조각,디에이테이블조각,플렉스,옥타곤,디에이,러브,인생,이태원,클럽디에이,하트,인트로,클럽테이블조각,힐링,지금,일상,썸,좋아,디에이클럽,로컬,edm,핫플레이스,오늘,와꾸,힙합,신나,불토,음악"
"84,itaewon_made_club,이태원메이드엠디,메이드엠디,이태원메이드게스트,이태원메이드게스트무료입장,클럽메이드,인스타그램,이메게스트문의,클럽,이태원메이드,이태원메이드게스트신청,이태원메이드테이블,이메테이블,엠디,이태원메이드테이블예약,메이드게스트,테이블문의,이메게스트,메이드테이블문의,이태원메이드게스트입장,이태원메이드예약,부추,이태원클럽,메이드무료입장,이메테이블문의,이태원메이드무료입장,이메테이블예약,이태원핫플,이메,이태원,이태원메이드가격"
"85,rani.n_store,한남동카페,서면카페,daily,라니앤,sale,오피스룩,서울,서울카페,창원,주말,셀스타그램,dailylook,데이트룩,하객룩,기장카페,스마트스토어,ootd,결혼식패션,selca,데일리,신상,셀피,겨울신상,스토어팜,셀카,한남동,지그재그,이태원,부산,"
"86,crow35532,생일,회식,클럽남,술집추천,클럽스타그램,도깨비,클스타그램,술집,매스,주식,클럽,이태원,홍대,비트코인,페이스,토토가,주말,클럽녀,차스타그램,모임,강남역토토가,옥타곤,부동산,,,,,,,"
"87,02.6kg on Instagram:,,,,,,,,,,,,,,,,,,,,,,,,,,,,,,"
"88,dj_alki,술스타그램,패션,해운대,셀스타그램,맛집,팔로우,맞팔,선팔,커피,타투,여행스타그램,해운대맛집,인테리어,헬스타그램,댓글,소통,아이폰,얼스타그램,인스타그램,이태원,좋아요반사,옷스타그램,데일리코디,좋아요,광안리,서면,좋아요테러,소통해요,셀카,"
"89,7k63euocn8nq2g0xe03,문산,백석,산남동,유성,대덕출장샵,역삼역,잠실역,광산출장샵,김제,황금동,동래,노원역,하동,용산,이태원,양천구,청송출장샵,여주,,,,,,,,,,,,"
"90,yu___rim_e,해운대,광안리,좋아요반사,일상,이태원,홍대,instagood,인친,마린시티,셀스타그램,일상스타그램,서면,follow,센텀,부산,서울,맞팔하면선팔,크킄킄ㅋ킄,팔로워,인스타라이프,instagram,셀카,오오티디,소통,훈남,맞지요?,훈녀,공주두마리,댓글,데일리"
"91,do._.anging,홍대,ootd,영등포,22,서울,21,selfie,99,likeit,대학생,당산,강남,daily,데이앤나잇,일상,좋아요,98,이태원,selca,오오티디,셀스타그램,데일리,친구,,,,,,,"
"92,seo_hyun._.e,ootd,선팔맞팔,이태원,좋반,셀기꾼,가로수길,팔로잉,follow4like,liker,follower,다이렉트,likeforfollow,follow,인스타그램,홍대,셀피,셀카,like4likes,좋아요,데일리,오오티디,셀스타그램,해운대,팔로워,팔로우,selfie,서면,좋아요반사,,"
"93,club_itaewon_made,클럽엠디,이태원무브,무료입장,이메엠디,클럽,이메,직장인,아스터,핫플,강남클럽,메이드,이태원메이드,오늘의훈녀,호야,이태원메이드게스트,페이스,이태원,이메게스트,인스타그램,이태원맛집,이태원클럽,싱크홀,이태원핫플,클럽무료입장,이태원메이드엠디,경리단길,무브,프로그,맛집,엠디"
"94,4o.clockk,フォロ?ミ?,フォロ??迎,セルフィ?,좋아요,좋반,강남,얼스타그램,가로수길,selca,セルカ,마산,selfie,셀피,일상,l4l,첫줄,셀스타그램,likeforlike,f4f,fff,창원,맞팔,이태원,좋아요반사,홍대,いいね返し,셀카,소통,like4like,선팔하면맞팔"
"95,zinbbae2 on Instagra,소통,이태원,맞팔,술스타그램,셀스타그램,데일리그램,옷스타그램,카페,내일점심은짬뽕먹고술똥에담배두가치예정,해운대,사족보행,팔로미,밥스타그램,댓글,광안리,선팔,친스타그램,집스타그램,좋아요반사,강남,선팔하면맞팔,뷰티스타그램,커피,좋아요,맛집,서면,친구집,얼스타그램,홍대,"
"96,yoloseojun2,서울,선팔,instagood,마산,f4f,데일리,울산,해운대,일상,동성로,한남동,좋아요,홍대,광안리,daily,부산,이태원,삼산,맞팔하면선팔,창원,대구,instagram,맞팔,서면,,,,,,"
"97,_moomoon_,,,,,,,,,,,,,,,,,,,,,,,,,,,,,,"
"98,itaewon_made_club,이메게스트문의,이태원메이드엠디,인스타그램,엠디,이태원,이태원메이드,메이드무료입장,이태원메이드테이블예약,이태원메이드게스트,메이드게스트,이메게스트,이태원메이드예약,이태원메이드게스트신청,테이블문의,이태원메이드가격,이태원메이드게스트입장,클럽메이드,이메,메이드엠디,이태원메이드게스트무료입장,부추,이태원메이드테이블,이메테이블,이메테이블예약,이태원클럽,이태원핫플,이태원메이드무료입장,클럽,메이드테이블문의,이메테이블문의"
"99,jini_kkyu,korean,셀카,맞팔,dailylook,강남,데일리룩,follow,f4f,followme,selfie,me,ootd,훈녀,좋아요반사,이태원,좋아요,소통,girl,오늘의훈녀,선팔,daily,옥타곤,셀피,korea,클럽,팔로우,모델,l4l,,"
"100,u_llm,규미생일,네버엔딩,,,,,,,,,,,,,,,,,,,,,,,,,,,,"
"101,Null,수완지구,00,인친,분당,동성로,신시가지,99,성수동,이태원,인계동,세종,신림,논현,서면,전주,팔로우,좋아요,맞팔,충장로,데일리,둔산동,두정동,구월동,일상,선팔,좋아요반사,강남,신사,홍대,"
"102,gg.yul_,photooftheday,follow,likeforfollow,instagood,selfie,weekend,photograph,instalike,팔로우,99,좋반,데일리,style,일상,이태원,맞팔,ootd,photo,instagram,셀카,daily,강남,ballet,셀피,21,instadaily,뷰티,소통,,"
"103,sxhxx_z on Instagram,,,,,,,,,,,,,,,,,,,,,,,,,,,,,,"
"104,iamsezero,코디추천,상무지구,둔산동,다이어트,눈바디,데이트룩,논현,데일리룩,셀기꾼,selfie,나이키,홈트,가로수길카페,바캉스룩,압구정,ootd,강남,구시청,오피스룩,신사,비키니,운동하는여자,신사역카페,셀카,이태원,셀스타,바디체크,,,"
"105,modicc__,,,,,,,,,,,,,,,,,,,,,,,,,,,,,,"
"106,zz_nong_,데일리,오오티디,일상스타그램,이태원,셀카,셀피,selfie,me,소통,셀스타스램,likeforlikes,인친,daily,좋아요,instagood,follow,고양,selca,팔로우,셀기꾼,데일리룩,전신샷,ootd,좋반,일산,가로수길,피드,일상,like4likes,강남"
"107,divedeepinto_you on ,,,,,,,,,,,,,,,,,,,,,,,,,,,,,,"
"108,tigersden.official,,,,,,,,,,,,,,,,,,,,,,,,,,,,,,"
"109,clubmadeofficial,프로스트,메이드테이블,메이드,이태원메이드게스트,메이드클럽,메이드게스트,글램,클럽플렉스,이태원,이태원메이드,클럽메이드,플렉스,페이스,이태원메이드테이블,파운틴,,,,,,,,,,,,,,,"
"110,k_ddong__99,예쁜카페,사진,인스타그램,좋아요반사,홍대,소통,라이크,감성,운동스타그램,서면,가로수길,셀피,디뮤지엄,광안리,동성로,신사동,셀기꾼,좋아요,술스타그램,팔로미,팔로우,셀스타그램,인테리어,쇼핑,가구,해운대,인친,데일리,영화,이태원"
"111,wfdw6,술집,부동산,주식,강남역토토가,회식,클럽,클럽녀,토토가,페이스,주말,술집추천,이태원,모임,홍대,클스타그램,매스,클럽스타그램,생일,비트코인,클럽남,도깨비,차스타그램,옥타곤,,,,,,,"
"112,urikerz on Instagram,좋아요,부산,강남,팔로우,l4l,이태원,selfie,좋아요반사,instadaily,인친,likeforfollow,selca,instagood,일상,fff,f4f,daily,첫줄,instagram,광안리,셀카,해운대,삼산,울산,동성로,소통,맞팔,instamood,가로수길,"
"113,_yy__3__ on Instagra,,,,,,,,,,,,,,,,,,,,,,,,,,,,,,"
"114,Null,좋테,좋아요,좋테반사,맞팔,선팔환영,선팔,맞좋,선팔하면맞팔,좋반사,like4likes,강남,인친,좋반,23살,오늘의훈녀,홍대,좋아요테러,좋튀,좋반테러,뷰티,이태원,훈녀,likeforlikes,likelike,좋아요반사,,,,,"
"115,godsujin_,,,,,,,,,,,,,,,,,,,,,,,,,,,,,,"
"116,joooo_oooooo,영등포,압구정,등촌동,daily,팔로우,셀카,데일리,서면,selca,카페,좋아요,대방어,좋아요반사,일상,이태원,데일리룩,신촌,주말,친구,instagram,서울,목동,26,인스타그램,인계동,부산,아인슈페너,ootd,얼스타그램,selfie"
"117,hxx.__mx,f4f,ootd,lfl,followme,follow4like,like4likes,fff,followback,like4follow,instagood,likesforlike,f4follow,follow4followback,followforfollowback,likeforlikes,,,,,,,,,,,,,,,"
"118,sophie_timmy_eddie,뮤직라이브러리,이태원,겨울밤,한남동,불금??,,,,,,,,,,,,,,,,,,,,,,,,,"
"119,itaewon_made_club,이태원메이드무료입장,이메테이블,이태원메이드,이태원메이드게스트무료입장,이태원클럽,이태원메이드게스트,클럽메이드,이태원핫플,이메테이블예약,이메테이블문의,이태원메이드테이블예약,이태원메이드엠디,이태원메이드테이블,이태원메이드예약,이태원메이드게스트신청,테이블문의,이메,이메게스트문의,메이드게스트,메이드엠디,인스타그램,부추,엠디,이태원메이드게스트입장,클럽,이메게스트,메이드무료입장,이태원메이드가격,메이드테이블문의,이태원"
"120,kimhaedong8425,디에이테이블조각,핫플레이스,디에이,일상,좋아,디에이조각,불금,음악,러브,와꾸,생일,플렉스,힙합,오늘,신나,클럽디에이,하트,옥타곤,이태원,썸,지금,인생,로컬,클럽테이블조각,일렉,인트로,힐링,디에이클럽,edm,불토"
"121,itaewon_made_club,이메테이블예약,이태원클럽,이태원메이드게스트입장,부추,테이블문의,메이드테이블문의,메이드엠디,이태원메이드엠디,이태원메이드게스트무료입장,이메게스트,이메테이블문의,이메테이블,클럽,이메게스트문의,이메,이태원메이드무료입장,이태원메이드게스트,이태원메이드,이태원,메이드게스트,인스타그램,이태원메이드테이블,이태원메이드테이블예약,이태원메이드게스트신청,클럽메이드,이태원메이드가격,이태원핫플,이태원메이드예약,엠디,메이드무료입장"
"122,kimhaedong8425,디에이,디에이클럽,음악,일렉,좋아,하트,플렉스,러브,디에이조각,이태원,핫플레이스,썸,인트로,힙합,edm,생일,클럽테이블조각,일상,오늘,지금,로컬,클럽디에이,불토,불금,와꾸,디에이테이블조각,인생,신나,힐링,옥타곤"
"123,itaewon_made_club,이태원핫플,메이드무료입장,이태원메이드게스트,부추,메이드테이블문의,클럽메이드,이태원,이태원메이드테이블,이태원메이드가격,테이블문의,메이드게스트,이태원메이드예약,이태원메이드무료입장,이태원메이드게스트무료입장,이메,인스타그램,이태원메이드엠디,엠디,이태원메이드테이블예약,이태원클럽,이메테이블예약,클럽,이태원메이드게스트신청,이메테이블,이메게스트문의,이태원메이드게스트입장,이태원메이드,이메테이블문의,이메게스트,메이드엠디"
"124,rani.n_store,서울카페,셀카,결혼식패션,이태원,데이트룩,부산,셀피,sale,셀스타그램,daily,신상,한남동,라니앤,오피스룩,겨울신상,하객룩,dailylook,ootd,selca,서면카페,스토어팜,스마트스토어,데일리,한남동카페,지그재그,주말,창원,서울,기장카페,"
"125,crow35532,강남역토토가,매스,클럽스타그램,부동산,클럽,클스타그램,술집,술집추천,생일,클럽녀,페이스,홍대,차스타그램,토토가,클럽남,비트코인,회식,옥타곤,주말,주식,모임,이태원,도깨비,,,,,,,"
"126,02.6kg on Instagram:,,,,,,,,,,,,,,,,,,,,,,,,,,,,,,"
"127,dj_alki,댓글,패션,타투,옷스타그램,인테리어,커피,셀스타그램,여행스타그램,서면,좋아요반사,이태원,술스타그램,아이폰,좋아요,얼스타그램,소통,해운대맛집,데일리코디,맛집,헬스타그램,팔로우,인스타그램,좋아요테러,해운대,소통해요,맞팔,광안리,선팔,셀카,"
"128,7k63euocn8nq2g0xe03,동래,여주,백석,노원역,황금동,광산출장샵,산남동,김제,역삼역,잠실역,하동,청송출장샵,대덕출장샵,유성,용산,이태원,양천구,문산,,,,,,,,,,,,"
"129,yu___rim_e,이태원,좋아요반사,서울,맞팔하면선팔,공주두마리,instagood,오오티디,센텀,훈녀,일상,follow,해운대,광안리,셀카,마린시티,셀스타그램,홍대,훈남,일상스타그램,팔로워,댓글,인친,인스타라이프,서면,부산,소통,맞지요?,데일리,크킄킄ㅋ킄,instagram"
"130,do._.anging,친구,강남,대학생,selca,셀스타그램,오오티디,홍대,21,데이앤나잇,일상,99,22,데일리,좋아요,서울,98,daily,당산,영등포,ootd,likeit,selfie,이태원,,,,,,,"
"131,seo_hyun._.e,가로수길,ootd,좋아요반사,follow4like,데일리,선팔맞팔,인스타그램,팔로잉,좋아요,팔로우,서면,셀카,해운대,liker,follow,좋반,팔로워,오오티디,likeforfollow,셀기꾼,홍대,셀피,이태원,다이렉트,like4likes,follower,selfie,셀스타그램,,"
"132,club_itaewon_made,오늘의훈녀,엠디,이메엠디,맛집,이태원메이드,이태원맛집,이태원메이드게스트,메이드,이메,클럽엠디,프로그,클럽,이메게스트,클럽무료입장,무료입장,이태원핫플,무브,페이스,호야,싱크홀,이태원무브,직장인,경리단길,핫플,이태원,이태원메이드엠디,강남클럽,인스타그램,이태원클럽,아스터"
"133,4o.clockk,selca,いいね返し,like4like,홍대,맞팔,フォロ??迎,l4l,마산,셀스타그램,f4f,セルフィ?,가로수길,일상,likeforlike,강남,フォロ?ミ?,セルカ,좋아요,이태원,셀피,소통,첫줄,선팔하면맞팔,창원,좋아요반사,좋반,fff,selfie,얼스타그램,셀카"
"134,zinbbae2 on Instagra,맞팔,해운대,뷰티스타그램,친구집,사족보행,맛집,팔로미,댓글,카페,옷스타그램,커피,밥스타그램,좋아요,선팔하면맞팔,얼스타그램,친스타그램,광안리,선팔,데일리그램,셀스타그램,홍대,서면,집스타그램,이태원,내일점심은짬뽕먹고술똥에담배두가치예정,소통,술스타그램,강남,좋아요반사,"
"135,yoloseojun2,울산,데일리,f4f,맞팔,instagram,선팔,동성로,광안리,일상,해운대,삼산,마산,맞팔하면선팔,대구,instagood,홍대,daily,한남동,이태원,서면,좋아요,부산,창원,서울,,,,,,"
"136,_moomoon_,,,,,,,,,,,,,,,,,,,,,,,,,,,,,,"
"137,itaewon_made_club,이태원메이드게스트신청,이메테이블예약,클럽메이드,이태원메이드게스트,이태원,이태원메이드예약,메이드테이블문의,이메,메이드엠디,클럽,엠디,부추,이메게스트문의,이태원메이드가격,이태원클럽,이태원메이드,메이드게스트,이태원메이드무료입장,테이블문의,이태원메이드게스트입장,이메테이블문의,이태원메이드테이블,이태원메이드테이블예약,이메테이블,이태원메이드게스트무료입장,이태원핫플,메이드무료입장,이메게스트,인스타그램,이태원메이드엠디"
"138,n1ene_kim,이메,메이드,이태원메이드무료입장,강남페이스,seoulclub,이태원클럽,이태원펌킨,이태원메이드주대,이태원메이드테이블,강남플렉스,이태원디코이,itaewonclub,이태원메이드,클럽무료입장,강남플렉스md,이태원메이드게스트,이태원메이드테이블가격,디코이,이태원메이드문의,클럽게스트,강남클럽,이태원메이드md,clubmade,itaewonmade,이태원,이태원무브,이태원메이드테이블문의,메이드게스트,,"
"139,jannys_bay,디올무스탕코트,펜디가방,이태원,셀린느가방,면세품도,삼청동,,,,,,,,,,,,,,,,,,,,,,,,"
"140,suns_tailor_1979,팔로우반사,혼주예복,첫줄좋반,l4like,첫반,f4follow,서울,비스포크,좋아요반사,맞팔해요,선테일러,첫줄반사,맞춤양복,신랑예복,맞춤정장,좋반테러,예복,이태원,맞춤코트,강남,수제맞춤정장,맞팔환영,좋반,테일러샵,선팔맞팔,좋테,정장,턱시도,선양복점,테일러"
"141,caeri5,팔로우미,럽스타그램,이태원,오오티디,ffff,인친그램,댓글환영,인친님,다렉환영,f4f,강남,일상,압구정,ootd,02년생,맞팔선팔환영,소통,마약,dm환영,01년생,03년생,셀스타그램??,홍대,llll,셀피,좋반사,,,,"
"142,naegawae_,타투,선팔,갬성,오오티디,다렉환영,소통,대구,인친,일상,고딩,셀피,부산,인친환영,패션,이태원,맞팔,안동,팔로우환영,서울,홍대,압구정,글귀,공스타그램,좋반,피드,맞팔해요,02년생,고2,공부,"
"143,ohsaemstagram_,팔로우,데일리,맞팔,좋아요반사,광안리,오샘스타그램,부산,맞팔환영,데일리그램,f4f,홍대,좋아요,인친,서면,좋반,셀스타그램,follow,daily,셀카,selfie,거울샷,댓글,소통,셀피,lfl,fff,이태원,맞팔해요,일상,"
"144,j.eeun,일상,셀카,강남,블로그,selca,셀피,팔로우,대구,daily,스토어팜,서울,좋아요,dailylook,좋아요반사,셀스타그램,이태원,like,먹스타그램,맞팔,데일리룩,블로그마켓,selfie,부산,광주,follow,소통,좋반,선팔하면맞팔,fashion,"
"145,co._.ool,,,,,,,,,,,,,,,,,,,,,,,,,,,,,,"
"146,eunvely_sh,광주,일상,fff,선팔좋아요,좋아요반사,훈녀,25,운동하는남자,팔로우늘리기,인스타데일리,좋반,블로그마켓,팔로우환영,f4f,운동하는여자,팔로미,셀카,요가복,선팔맞팔환영,운동복,오오티디,스토어팜,팔로우,좋아요,선팔환영,옷가게,선팔해요,필라테스,,"
"147,Null,선팔맞팔환영,팔로우환영,데일리,인친,선팔하면맞팔가요,좋아요반사,f4f,아이폰,셀카,먹스타그램,followforfollowback,팔로우,맞팔,일상,팔로워,선팔하면맞팔,팔로잉,첫줄,소통,데일리룩,셀스타그램,선팔환영,댓글,맛집,인테리어,팔로우미,좋반,선팔,팔로우백,선팔맞팔"
"148,bxxyxmx,홍대,분위기,팔로잉,빈티지,패션스타그램,데일리룩,옷스타그램,패션,맞팔선팔,예쁜카페,동래,데일리코디,데일리오오티디,선팔맞팔,합정,한남동,이태원,팔로우,경리단길,패션피플,패피,고등학생,맞팔해요,동묘,해운대,광안리,동성로,서면,압구정,"
"149,z_m1n_,카페,압구정,좋아요반사,디뮤지엄,맞팔,l4l,일상,한남동,셀스타그램,f4f,소통,인스타그램,셀카,홍대,첫줄,분당,선팔,오오티디,뷰티,럽스타그램,ootd,가로수길,이태원,맛집,한강,얼스타그램,동성로,홈데코,좋아요,"
"150,jini_kkyu,l4l,selfie,korea,팔로우,korean,오늘의훈녀,데일리룩,daily,이태원,선팔,좋아요반사,f4f,강남,girl,me,셀피,훈녀,followme,클럽,모델,follow,좋아요,ootd,dailylook,옥타곤,맞팔,셀카,소통,,"
"151,u_llm,네버엔딩,규미생일,,,,,,,,,,,,,,,,,,,,,,,,,,,,"
"152,Null,전주,00,좋아요,좋아요반사,홍대,논현,신림,충장로,선팔,맞팔,둔산동,분당,신사,팔로우,구월동,이태원,데일리,99,세종,두정동,인계동,성수동,신시가지,수완지구,일상,인친,동성로,강남,서면,"
"153,gg.yul_,daily,photo,좋반,style,강남,이태원,일상,소통,뷰티,셀피,instalike,weekend,99,instadaily,맞팔,photooftheday,photograph,ballet,selfie,셀카,팔로우,likeforfollow,데일리,follow,instagram,ootd,21,instagood,,"
"154,sxhxx_z on Instagram,,,,,,,,,,,,,,,,,,,,,,,,,,,,,,"
"155,iamsezero,바캉스룩,신사,논현,강남,홈트,셀카,데이트룩,비키니,구시청,눈바디,selfie,데일리룩,오피스룩,상무지구,코디추천,나이키,다이어트,셀기꾼,압구정,둔산동,운동하는여자,ootd,셀스타,이태원,바디체크,신사역카페,가로수길카페,,,"
"156,modicc__,,,,,,,,,,,,,,,,,,,,,,,,,,,,,,"
"157,zz_nong_,daily,일상,일상스타그램,일산,피드,고양,팔로우,소통,좋반,전신샷,셀피,instagood,가로수길,me,셀스타스램,오오티디,좋아요,데일리,이태원,ootd,selfie,인친,likeforlikes,like4likes,follow,데일리룩,셀카,셀기꾼,selca,강남"
"158,divedeepinto_you on ,,,,,,,,,,,,,,,,,,,,,,,,,,,,,,"
"159,kimhaedong8425,디에이클럽,음악,디에이조각,클럽디에이,핫플레이스,edm,신나,디에이,일상,힐링,인생,힙합,일렉,불금,하트,로컬,인트로,러브,오늘,썸,와꾸,불토,좋아,클럽테이블조각,디에이테이블조각,생일,플렉스,이태원,지금,옥타곤"
"160,itaewon_made_club,메이드엠디,이메테이블예약,메이드무료입장,이메테이블,클럽,이메게스트문의,메이드테이블문의,이태원메이드게스트,부추,이태원메이드무료입장,이태원메이드예약,테이블문의,이태원클럽,엠디,메이드게스트,이태원메이드테이블예약,이메,이메게스트,인스타그램,이태원메이드게스트신청,이태원,이태원메이드테이블,이태원메이드,이태원메이드게스트입장,이태원메이드게스트무료입장,이태원메이드가격,이태원핫플,클럽메이드,이태원메이드엠디,이메테이블문의"
"161,kimhaedong8425,힙합,디에이테이블조각,인트로,힐링,클럽테이블조각,일상,디에이조각,불금,디에이클럽,일렉,인생,로컬,디에이,신나,러브,하트,불토,클럽디에이,이태원,옥타곤,와꾸,오늘,음악,생일,edm,썸,핫플레이스,플렉스,지금,좋아"
"162,itaewon_made_club,메이드무료입장,이태원메이드엠디,메이드테이블문의,테이블문의,이태원메이드게스트무료입장,엠디,이태원메이드,메이드엠디,이태원메이드무료입장,이태원메이드테이블,이태원메이드게스트신청,이태원메이드게스트입장,이메테이블예약,이태원메이드게스트,이메게스트문의,이태원핫플,클럽,이태원메이드예약,이태원,인스타그램,부추,이태원메이드테이블예약,이메테이블문의,이메테이블,클럽메이드,이태원메이드가격,이메게스트,이메,메이드게스트,이태원클럽"
"163,rani.n_store,서울,창원,daily,하객룩,부산,겨울신상,한남동카페,결혼식패션,스토어팜,sale,데일리,스마트스토어,한남동,데이트룩,주말,기장카페,라니앤,서울카페,이태원,지그재그,신상,셀피,오피스룩,selca,셀스타그램,서면카페,셀카,ootd,dailylook,"
"164,crow35532,주말,옥타곤,페이스,매스,이태원,클럽녀,도깨비,술집,클럽스타그램,차스타그램,홍대,부동산,클럽,비트코인,회식,클스타그램,모임,토토가,강남역토토가,술집추천,생일,주식,클럽남,,,,,,,"
"165,02.6kg on Instagram:,,,,,,,,,,,,,,,,,,,,,,,,,,,,,,"
"166,dj_alki,셀카,셀스타그램,헬스타그램,술스타그램,좋아요,좋아요반사,데일리코디,얼스타그램,이태원,인스타그램,인테리어,댓글,해운대,광안리,옷스타그램,여행스타그램,패션,팔로우,맞팔,커피,타투,좋아요테러,해운대맛집,소통해요,소통,맛집,서면,아이폰,선팔,"
"167,7k63euocn8nq2g0xe03,여주,백석,노원역,김제,황금동,대덕출장샵,청송출장샵,양천구,이태원,잠실역,역삼역,문산,광산출장샵,하동,용산,동래,유성,산남동,,,,,,,,,,,,"
"168,yu___rim_e,훈녀,광안리,해운대,instagood,서면,셀스타그램,맞팔하면선팔,follow,공주두마리,소통,부산,센텀,크킄킄ㅋ킄,일상스타그램,이태원,데일리,서울,훈남,instagram,좋아요반사,오오티디,인스타라이프,맞지요?,일상,홍대,셀카,마린시티,인친,댓글,팔로워"
"169,do._.anging,likeit,selfie,selca,일상,22,99,21,강남,오오티디,좋아요,홍대,당산,이태원,데일리,서울,ootd,데이앤나잇,영등포,daily,98,친구,셀스타그램,대학생,,,,,,,"
"170,seo_hyun._.e,ootd,팔로우,오오티디,selfie,좋아요,다이렉트,서면,팔로워,선팔맞팔,좋반,셀피,셀스타그램,해운대,셀기꾼,이태원,like4likes,follow4like,follow,홍대,likeforfollow,liker,좋아요반사,인스타그램,팔로잉,가로수길,셀카,데일리,follower,,"
"171,club_itaewon_made,인스타그램,이메게스트,이태원맛집,이메엠디,오늘의훈녀,이태원메이드게스트,이태원핫플,클럽무료입장,무브,아스터,이태원메이드엠디,강남클럽,엠디,페이스,경리단길,무료입장,이태원클럽,이메,직장인,프로그,맛집,호야,클럽,클럽엠디,핫플,이태원,이태원무브,이태원메이드,메이드,싱크홀"
"172,4o.clockk,フォロ?ミ?,likeforlike,마산,선팔하면맞팔,가로수길,좋반,좋아요,첫줄,f4f,얼스타그램,맞팔,セルフィ?,セルカ,selca,이태원,셀스타그램,l4l,소통,강남,창원,일상,홍대,셀피,좋아요반사,selfie,いいね返し,fff,셀카,フォロ??迎,like4like"
"173,zinbbae2 on Instagra,광안리,소통,해운대,내일점심은짬뽕먹고술똥에담배두가치예정,친스타그램,강남,댓글,좋아요,옷스타그램,서면,맛집,카페,선팔,밥스타그램,사족보행,좋아요반사,홍대,이태원,친구집,커피,집스타그램,데일리그램,뷰티스타그램,얼스타그램,팔로미,맞팔,술스타그램,셀스타그램,선팔하면맞팔,"
"174,yoloseojun2,데일리,대구,마산,선팔,instagram,창원,광안리,맞팔,일상,삼산,해운대,좋아요,부산,동성로,daily,f4f,서울,서면,홍대,instagood,한남동,맞팔하면선팔,울산,이태원,,,,,,"
"175,_moomoon_,,,,,,,,,,,,,,,,,,,,,,,,,,,,,,"
"176,itaewon_made_club,메이드테이블문의,메이드무료입장,이메테이블문의,클럽,이메게스트문의,이태원메이드가격,이태원,이태원메이드테이블,인스타그램,엠디,클럽메이드,이메테이블예약,이태원메이드테이블예약,이태원핫플,이태원메이드게스트무료입장,이태원메이드게스트입장,메이드게스트,이메테이블,테이블문의,메이드엠디,이메,이태원클럽,이태원메이드게스트,이태원메이드엠디,이태원메이드예약,이메게스트,부추,이태원메이드,이태원메이드무료입장,이태원메이드게스트신청"
"177,n1ene_kim,itaewonclub,메이드게스트,clubmade,강남플렉스md,이태원메이드게스트,강남페이스,이태원무브,이태원메이드테이블,클럽무료입장,이메,클럽게스트,이태원메이드문의,디코이,seoulclub,이태원디코이,강남클럽,이태원클럽,메이드,이태원메이드md,이태원메이드,이태원메이드테이블문의,강남플렉스,이태원,이태원메이드테이블가격,이태원메이드무료입장,이태원펌킨,이태원메이드주대,itaewonmade,,"
"178,jannys_bay,펜디가방,이태원,삼청동,면세품도,디올무스탕코트,셀린느가방,,,,,,,,,,,,,,,,,,,,,,,,"
"179,suns_tailor_1979,테일러샵,맞팔해요,비스포크,첫반,테일러,맞춤정장,맞춤코트,팔로우반사,맞춤양복,첫줄반사,f4follow,혼주예복,이태원,예복,서울,좋반,맞팔환영,좋아요반사,선팔맞팔,턱시도,신랑예복,좋반테러,좋테,l4like,정장,수제맞춤정장,강남,첫줄좋반,선양복점,선테일러"
"180,caeri5,인친그램,ffff,소통,llll,ootd,마약,팔로우미,f4f,01년생,인친님,03년생,댓글환영,맞팔선팔환영,셀스타그램??,dm환영,홍대,좋반사,02년생,압구정,일상,오오티디,강남,셀피,다렉환영,이태원,럽스타그램,,,,"
"181,naegawae_,이태원,타투,갬성,부산,패션,다렉환영,오오티디,홍대,맞팔,공부,글귀,압구정,고2,인친환영,셀피,02년생,선팔,인친,맞팔해요,고딩,피드,공스타그램,좋반,대구,일상,안동,서울,소통,팔로우환영,"
"182,ohsaemstagram_,광안리,댓글,follow,lfl,데일리그램,셀스타그램,셀카,좋반,오샘스타그램,맞팔환영,데일리,좋아요반사,서면,맞팔해요,부산,fff,좋아요,거울샷,selfie,일상,맞팔,인친,daily,이태원,소통,셀피,홍대,f4f,팔로우,"
"183,j.eeun,좋아요,셀피,selfie,daily,좋아요반사,데일리룩,fashion,대구,like,선팔하면맞팔,부산,이태원,follow,맞팔,먹스타그램,dailylook,강남,셀스타그램,서울,팔로우,광주,블로그,일상,셀카,블로그마켓,selca,좋반,스토어팜,소통,"
"184,co._.ool,,,,,,,,,,,,,,,,,,,,,,,,,,,,,,"
"185,eunvely_sh,선팔해요,좋아요반사,선팔좋아요,운동복,요가복,선팔환영,오오티디,인스타데일리,f4f,운동하는여자,선팔맞팔환영,광주,좋반,스토어팜,필라테스,fff,운동하는남자,일상,25,훈녀,셀카,팔로미,팔로우환영,팔로우,좋아요,팔로우늘리기,옷가게,블로그마켓,,"
"186,Null,가로수길,맞팔,일상,이태원,데일리,followforfollowback,선팔,f4f,셀스타그램,좋아요,일상스타그램,카페,lifestyle,좋아요반사,선팔하면맞팔,selfie,셀카,follow,좋반,홍대,food,likeforlikes,follow4followback,오오티디,follow4like,likeforfollow,얼스타그램,l4l,선팔맞팔,like"
"187,bxxyxmx,해운대,이태원,합정,팔로잉,동묘,팔로우,홍대,서면,동래,패션피플,고등학생,예쁜카페,압구정,패피,광안리,빈티지,데일리오오티디,분위기,선팔맞팔,패션,옷스타그램,맞팔해요,경리단길,패션스타그램,데일리코디,동성로,데일리룩,한남동,맞팔선팔,"
"188,z_m1n_,홈데코,셀스타그램,좋아요반사,뷰티,압구정,첫줄,럽스타그램,좋아요,동성로,선팔,디뮤지엄,맛집,얼스타그램,맞팔,홍대,한강,한남동,오오티디,분당,카페,일상,셀카,이태원,소통,ootd,인스타그램,l4l,f4f,가로수길,"
"189,gold_ju__,모노키니,,,,,,,,,,,,,,,,,,,,,,,,,,,,,"
"190,_dleksql_,selfie,데일리룩,ootd,selca,daily,dailylook,데일리,instadaily,팔로우,followers,이태원,수원,맞팔,instamood,셀피,instagram,follow,instalike,instagood,패션,오오티디,like4likes,일상,셀카,좋아요,,,,,"
"191,baegguggu on Instagr,친스타그램,일상,강남,팔로우,럽스타스램,동성로,좋아요반사,셀피,좋아요,선팔하면맞팔,맛집,셀카,첫줄,이태원,얼스타그램,오늘,먹스타그램,인친,데일리,소통,맞팔,맞팔해요,선팔,선팔맞팔,압구정,아이폰,가로수길,홍대,셀스타그램,카페"
"192,cham_0o0,카페,인친,대전,좋아요,셀스타그램,댓글,좋아요반사,like4like,셀카,감성,명동,이태원,follow4follow,가로수길,광주,오오티디,한남동,럽스타그램,일상스타그램,얼스타그램,좋반,홍대,울산,강남,헬스타그램,팔로우,맞팔,인사동,선팔,"
"193,th2ke,,,,,,,,,,,,,,,,,,,,,,,,,,,,,,"
"194,zero_x2_,선팔맞팔,데일리,얼스타그램,셀카,이태원,홍대,가로수길,선팔하면맞팔,팔로우,압구정,맛집,카페,맞팔,먹스타그램,아이폰,인친,동성로,셀피,강남,맞팔환영,선팔,소통,일상,좋아요반사,셀스타그램,친스타그램,맞팔해요,오늘,첫줄,좋아요"
"195,zsoiiy,데일리,맛집,럽스타그램,동성로,첫줄,이태원,먹스타그램,오늘,얼스타그램,아이폰,선팔하면맞팔,강남,일상,카페,인친,좋아요반사,소통,홍대,맞팔,가로수길,팔로우,셀피,좋아요,맞팔해요,친스타그램,셀스타그램,선팔맞팔,선팔,압구정,셀카"
"196,Null,데일리룩,메이크업,아웃핏,좋아요테러,얼스타,좋아요,맞팔해요,일상,럽스타그램,팔로우,셀기꾼,선팔,스무살,인스타업뎃,모델,맞팔,카페,직장인,이태원,셀피,선팔맞팔,카페탐방,좋아요반사,오오티디,페이스위너,감성,셀카,오늘의훈녀,셀스타그램,이태원카페"
"197,_sunsu713_ on Instag,얼스타그램,첫줄,선팔,좋아요반사,친스타그램,코덕,아이폰,홍대,럽스타그램,셀카,먹스타그램,좋아요,선팔후맞팔,소통,일상,강남,맛집,좋반,인친,선팔맞팔,셀스타그래,뷰티스타그램,뷰티,이태원,셀피,맞팔,동성로,,,"
"198,ree._.mi,,,,,,,,,,,,,,,,,,,,,,,,,,,,,,"
"199,ma_ri_ya_minttt,홍대,likeme,강남,이태원,푸산,like4follow,follow4followback,fff,대국,인천,대구,likelikelike,diary,씨엘,likeforlikes,likelike,follow4like,like4likes,likeforfollow,likeforlikeback,안국,서울,이채린,,,,,,,"
"200,gold_ju__,sel,셀스타그램,얼스타그램,운동녀,홍대,소통,필라테스,맞팔,hip,운동하는여자,해운대,fff,좋아요반사,이태원,bikini,힙업운동,헬스타그램,daily,몸매,선팔,fitnessgirl,sport,like4likes,운동하는남자,셀피,레깅스,bodygoal,협찬,followback,"
"201,jini_kkyu,followme,옥타곤,소통,korea,girl,오늘의훈녀,좋아요반사,f4f,셀카,훈녀,daily,이태원,맞팔,l4l,follow,korean,dailylook,선팔,강남,데일리룩,me,좋아요,selfie,팔로우,ootd,모델,셀피,클럽,,"
"202,u_llm,규미생일,네버엔딩,,,,,,,,,,,,,,,,,,,,,,,,,,,,"
"203,Null,신시가지,강남,서면,수완지구,팔로우,충장로,홍대,분당,인친,00,데일리,선팔,세종,전주,둔산동,좋아요반사,신림,신사,인계동,동성로,구월동,일상,맞팔,99,성수동,두정동,이태원,좋아요,논현,"
"204,gg.yul_,21,소통,셀카,ballet,selfie,photooftheday,ootd,photo,instalike,instadaily,맞팔,likeforfollow,일상,좋반,instagood,daily,photograph,instagram,강남,팔로우,style,데일리,follow,weekend,이태원,뷰티,셀피,99,,"
"205,sxhxx_z on Instagram,,,,,,,,,,,,,,,,,,,,,,,,,,,,,,"
"206,iamsezero,논현,바디체크,홈트,데일리룩,selfie,신사역카페,신사,둔산동,ootd,상무지구,코디추천,셀기꾼,셀스타,가로수길카페,강남,이태원,비키니,바캉스룩,압구정,다이어트,데이트룩,눈바디,오피스룩,나이키,셀카,구시청,운동하는여자,,,"
"207,modicc__,,,,,,,,,,,,,,,,,,,,,,,,,,,,,,"
"208,zz_nong_,selca,일상스타그램,팔로우,인친,강남,가로수길,이태원,오오티디,데일리룩,follow,셀기꾼,셀스타스램,일상,셀피,소통,like4likes,고양,피드,instagood,데일리,좋아요,셀카,daily,ootd,selfie,일산,me,전신샷,좋반,likeforlikes"
"209,divedeepinto_you on ,,,,,,,,,,,,,,,,,,,,,,,,,,,,,,"
"210,club_itaewon_made,아스터,이태원메이드게스트,직장인,이메게스트,이태원메이드,클럽엠디,엠디,싱크홀,클럽무료입장,오늘의훈녀,인스타그램,호야,경리단길,이태원무브,이태원클럽,맛집,강남클럽,이태원맛집,클럽,이태원,무료입장,무브,프로그,이메,이태원핫플,이태원메이드엠디,페이스,이메엠디,메이드,핫플"
"211,4o.clockk,창원,selca,이태원,마산,セルフィ?,얼스타그램,좋반,f4f,selfie,フォロ?ミ?,홍대,일상,いいね返し,선팔하면맞팔,셀피,셀스타그램,좋아요,소통,맞팔,첫줄,가로수길,セルカ,셀카,fff,좋아요반사,likeforlike,l4l,like4like,フォロ??迎,강남"
"212,zinbbae2 on Instagra,데일리그램,얼스타그램,팔로미,해운대,친구집,내일점심은짬뽕먹고술똥에담배두가치예정,뷰티스타그램,맛집,소통,밥스타그램,선팔,친스타그램,서면,커피,홍대,카페,강남,셀스타그램,옷스타그램,좋아요,댓글,맞팔,선팔하면맞팔,집스타그램,술스타그램,광안리,이태원,좋아요반사,사족보행,"
"213,yoloseojun2,창원,한남동,동성로,instagram,맞팔,f4f,대구,삼산,instagood,데일리,이태원,마산,일상,좋아요,daily,맞팔하면선팔,서울,서면,해운대,울산,홍대,선팔,부산,광안리,,,,,,"
"214,_moomoon_,,,,,,,,,,,,,,,,,,,,,,,,,,,,,,"
"215,itaewon_made_club,테이블문의,부추,이태원,메이드무료입장,이메,이태원메이드테이블,이태원메이드,이메테이블예약,이태원메이드엠디,클럽메이드,메이드게스트,클럽,이메테이블문의,이태원메이드테이블예약,이태원메이드게스트,인스타그램,이태원메이드게스트신청,이태원핫플,이메테이블,이태원메이드가격,엠디,이태원메이드게스트입장,이메게스트,이태원메이드무료입장,이태원클럽,메이드엠디,이메게스트문의,이태원메이드예약,이태원메이드게스트무료입장,메이드테이블문의"
"216,n1ene_kim,이태원,메이드,이태원메이드테이블가격,이태원펌킨,이태원클럽,강남플렉스,이태원메이드문의,itaewonmade,이태원메이드주대,이태원메이드md,이태원메이드테이블,이태원메이드,seoulclub,이메,강남클럽,클럽무료입장,itaewonclub,이태원무브,clubmade,메이드게스트,이태원디코이,클럽게스트,이태원메이드무료입장,강남페이스,강남플렉스md,디코이,이태원메이드게스트,이태원메이드테이블문의,,"
"217,jannys_bay,펜디가방,셀린느가방,삼청동,디올무스탕코트,면세품도,이태원,,,,,,,,,,,,,,,,,,,,,,,,"
"218,suns_tailor_1979,팔로우반사,선양복점,첫반,정장,이태원,테일러샵,턱시도,강남,맞팔환영,수제맞춤정장,f4follow,맞춤양복,테일러,예복,선팔맞팔,맞팔해요,신랑예복,좋아요반사,비스포크,첫줄좋반,첫줄반사,맞춤정장,혼주예복,좋반,선테일러,서울,좋반테러,맞춤코트,l4like,좋테"
"219,caeri5,강남,좋반사,셀스타그램??,소통,02년생,01년생,오오티디,맞팔선팔환영,ootd,셀피,럽스타그램,압구정,마약,ffff,댓글환영,dm환영,다렉환영,f4f,이태원,팔로우미,llll,홍대,인친님,인친그램,일상,03년생,,,,"
"220,naegawae_,셀피,홍대,패션,타투,갬성,공스타그램,인친,선팔,안동,좋반,다렉환영,압구정,02년생,맞팔해요,피드,소통,서울,고2,글귀,공부,팔로우환영,고딩,대구,인친환영,이태원,오오티디,일상,부산,맞팔,"
"221,ohsaemstagram_,데일리그램,부산,daily,셀피,좋아요,광안리,소통,데일리,셀카,팔로우,이태원,서면,lfl,fff,인친,셀스타그램,일상,follow,맞팔,selfie,홍대,오샘스타그램,댓글,맞팔환영,f4f,좋반,좋아요반사,맞팔해요,거울샷,"
"222,j.eeun,이태원,대구,맞팔,좋아요,follow,스토어팜,dailylook,like,selfie,블로그,selca,일상,데일리룩,먹스타그램,소통,강남,좋아요반사,셀스타그램,부산,광주,fashion,셀피,좋반,팔로우,셀카,블로그마켓,daily,선팔하면맞팔,서울,"
"223,co._.ool,,,,,,,,,,,,,,,,,,,,,,,,,,,,,,"
"224,eunvely_sh,f4f,좋아요,선팔환영,좋아요반사,선팔맞팔환영,오오티디,옷가게,선팔좋아요,운동복,블로그마켓,25,fff,일상,선팔해요,필라테스,요가복,훈녀,운동하는여자,팔로우늘리기,인스타데일리,좋반,팔로우,팔로미,스토어팜,광주,팔로우환영,운동하는남자,셀카,,"
"225,Null,카페,일상,오오티디,followforfollowback,follow4followback,선팔맞팔,like,셀스타그램,일상스타그램,가로수길,l4l,데일리,이태원,홍대,좋아요,food,follow4like,selfie,좋반,lifestyle,선팔,좋아요반사,likeforlikes,follow,likeforfollow,얼스타그램,맞팔,f4f,선팔하면맞팔,셀카"
"226,bxxyxmx,팔로우반사,데일리,일상스타그램,dailylook,소통해요,셀스타그램,셀피,인친,selfie,makeup,좋아요반사,데일리룩,맞팔,ootd,소통,셀카,얼스타그램,오오티디,daily,like4like,선팔하면맞팔,selca,01년생,01,좋아요,인스타데일리,팔로우,선팔,팔로우미,follow4follow"
"227,z_m1n_,동성로,l4l,얼스타그램,소통,맛집,분당,ootd,압구정,셀스타그램,일상,좋아요,f4f,첫줄,디뮤지엄,가로수길,이태원,좋아요반사,카페,인스타그램,홍대,오오티디,홈데코,한강,뷰티,셀카,럽스타그램,선팔,맞팔,한남동,"
"228,gold_ju__,소통,운동하는여자,followback,운동녀,좋아요반사,모노키니,힙업운동,bikini,셀피,얼스타그램,sport,몸매,필라테스,like4likes,해운대,선팔,이태원,bodygoal,셀스타그램,daily,sel,hip,fitnessgirl,맞팔,레깅스,운동하는남자,fff,홍대,헬스타그램,협찬"
"229,_dleksql_,follow,daily,맞팔,instalike,패션,오오티디,좋아요,instagram,일상,instamood,selca,수원,ootd,selfie,셀카,데일리룩,dailylook,instadaily,instagood,followers,셀피,데일리,팔로우,이태원,like4likes,,,,,"
"230,baegguggu on Instagr,카페,얼스타그램,아이폰,셀피,좋아요,좋아요반사,셀스타그램,데일리,강남,선팔하면맞팔,압구정,첫줄,선팔맞팔,맞팔해요,친스타그램,홍대,럽스타스램,맞팔,인친,선팔,오늘,일상,셀카,소통,이태원,맛집,팔로우,동성로,가로수길,먹스타그램"
"231,cham_0o0,오오티디,좋반,광주,이태원,헬스타그램,follow4follow,맞팔,럽스타그램,강남,명동,일상스타그램,인친,울산,대전,좋아요반사,얼스타그램,like4like,가로수길,셀스타그램,감성,인사동,카페,댓글,홍대,선팔,셀카,좋아요,한남동,팔로우,"
"232,th2ke,,,,,,,,,,,,,,,,,,,,,,,,,,,,,,"
"233,zero_x2_,좋아요반사,선팔맞팔,친스타그램,인친,가로수길,이태원,소통,맞팔,맞팔환영,데일리,얼스타그램,선팔하면맞팔,아이폰,먹스타그램,강남,일상,선팔,셀스타그램,동성로,셀카,팔로우,맞팔해요,홍대,오늘,압구정,좋아요,카페,셀피,첫줄,맛집"
"234,zsoiiy,좋아요반사,홍대,일상,선팔맞팔,이태원,셀피,동성로,선팔하면맞팔,셀스타그램,가로수길,맞팔,선팔,첫줄,친스타그램,데일리,맛집,압구정,소통,셀카,카페,오늘,얼스타그램,아이폰,팔로우,좋아요,먹스타그램,맞팔해요,럽스타그램,강남,인친"
"235,Null,,,,,,,,,,,,,,,,,,,,,,,,,,,,,,"
"236,_sunsu713_ on Instag,선팔,뷰티스타그램,인친,먹스타그램,셀카,선팔맞팔,맞팔,동성로,좋아요반사,강남,좋아요,럽스타그램,셀스타그래,셀피,아이폰,코덕,친스타그램,선팔후맞팔,뷰티,홍대,얼스타그램,이태원,첫줄,맛집,일상,좋반,소통,,,"
"237,ree._.mi,,,,,,,,,,,,,,,,,,,,,,,,,,,,,,"
"238,ma_ri_ya_minttt,fff,대구,서울,likelikelike,likeforlikeback,likeme,likelike,likeforfollow,씨엘,follow4followback,인천,like4likes,이채린,like4follow,diary,푸산,홍대,likeforlikes,안국,대국,follow4like,이태원,강남,,,,,,,"
"239,gold_ju__,fitnessgirl,운동하는여자,bikini,레깅스,hip,daily,좋아요반사,like4likes,이태원,해운대,힙업운동,필라테스,운동하는남자,운동녀,소통,선팔,셀스타그램,협찬,얼스타그램,몸매,sel,followback,헬스타그램,맞팔,홍대,셀피,bodygoal,fff,sport,"
"240,t_t.h.o,,,,,,,,,,,,,,,,,,,,,,,,,,,,,,"
"241,honeyteng_,선팔,데일리,얼스타그램,일상,셀스타그램,좋아요,셀카,먹스타그램,소통,동성로,카페,선팔하면맞팔,맛집,커피,인테리어,패션,홍대,맞팔,selfie,쇼핑,강남,좋아요반사,가로수길,이태원,해운대,인스타그램,인친,뷰티,셀피,"
"242,honeyteng_,먹스타그램,카페,셀피,해운대,맛집,인친,선팔하면맞팔,홍대,맞팔,가로수길,인테리어,강남,소통,쇼핑,좋아요,일상,패션,커피,이태원,데일리,동성로,인스타그램,좋아요반사,선팔,셀스타그램,셀카,뷰티,selfie,얼스타그램,"
"243,honeyteng_,강남,카페,홍대,인스타그램,맞팔,소통,셀스타그램,이태원,좋아요,뷰티,커피,데일리,좋아요반사,패션,쇼핑,해운대,먹스타그램??,인테리어,선팔하면맞팔,셀카,selfie,가로수길,맛집,얼스타그램,선팔,인친,동성로,셀피,일상,"
"244,gyeong__ji,여행스타그램,맞팔환영,팔로워,선팔,맞팔,소통,인친,좋아요테러,like4likes,selfie,ootd,팔로우미,맞팔선팔,데일리,좋아요반사,패션,디뮤지엄,이태원,맞좋아요,선팔환영,동성로,likeforlikes,얼스타그램,서면,좋아요,해운대,좋반,fff,강남,"
"245,_so_ve_ly on Instagr,23,일상,강남,맞팔,fashion,24,미용인,selfie,likeforfollow,선팔,selca,like4likes,홍대,팔로우,photooftheday,ootd,likeforlikes,좋아요반사,소통,이태원,좋반,instagood,follow,셀스타그램,instalike,선팔하면맞팔,,,,"
"246,yo_u_jung_,선팔하면맞팔,서울,배우,선팔,20,대구,배우지망생,ootd,항공과,19학번,해운대,00년생,서면,친스타그램,좋반,홍대,협찬,부산,좋아요,follow,좋아요반사,승무원,경북,맞팔,dm,팔로우,이태원,사진스타그램,,"
"247,backjiwonmonkey,,,,,,,,,,,,,,,,,,,,,,,,,,,,,,"
"248,pae5nic_kr,followforfollowback,좋반,좋아요,likeforfollow,l4l,오오티디,맞팔,셀스타그램,선팔,instagood,인친,일상,daily,follow,얼스타그램,ootd,instagram,오오티디룩,일상스타그램,좋아요반사,이태원,스트릿패션,f4f,팔로우,셀피,사진,like4likes,강남,홍대,"
"249,pae5nic_kr,일상,맞팔,셀피,인친,likeforfollow,사진,선팔,instagood,이태원,셀스타그램,좋아요반사,얼스타그램,follow,ootd,좋아요,오오티디룩,like4likes,instagram,팔로우,좋반,l4l,강남,홍대,f4f,스트릿패션,followforfollowback,오오티디,daily,일상스타그램,"
"250,kim_byeong_jin_,좋아요반사,훈녀,강남,감성,소통,selife,ootd,얼스타,셀기꾼,데일리룩,운동,이태원,산팔,선팔하면맞팔,훈남,서면,패션,광안리,댓글,부산,셀스타,팔로우,daily,인친,셀스타그램,데일리,인스타그램,오오티디,좋아요,내외동"
"251,madeumji5555 on Inst,이태원메이드게스트신청,강남,크리스마스파티,이태원,이태원메이드무료입장,이태원메이드가격,파운틴,크리스마스선입,할로윈파티,이태원메이드게스트,이태원메이드무료게스트,홍대,이태원메이드일렉,이태원메이드입장,hbd,이태원메이드예약,글램,김포,인천,이태원메이드클럽,,,,,,,,,,"
"252,jini_kkyu,selfie,팔로우,daily,훈녀,소통,이태원,데일리룩,강남,korean,korea,셀카,좋아요,girl,선팔,모델,dailylook,셀피,follow,좋아요반사,followme,ootd,오늘의훈녀,맞팔,옥타곤,클럽,me,l4l,f4f,,"
"253,u_llm,규미생일,네버엔딩,,,,,,,,,,,,,,,,,,,,,,,,,,,,"
"254,Null,수완지구,99,둔산동,충장로,좋아요반사,신림,성수동,00,동성로,맞팔,분당,이태원,데일리,서면,논현,신사,두정동,전주,홍대,일상,구월동,인계동,선팔,세종,신시가지,좋아요,강남,인친,팔로우,"
"255,gg.yul_,selfie,맞팔,follow,21,데일리,99,좋반,photooftheday,instagram,instagood,photograph,셀피,daily,style,강남,instadaily,ballet,ootd,소통,photo,likeforfollow,뷰티,팔로우,instalike,셀카,weekend,이태원,일상,,"
"256,sxhxx_z on Instagram,,,,,,,,,,,,,,,,,,,,,,,,,,,,,,"
"257,iamsezero,상무지구,구시청,눈바디,압구정,가로수길카페,바디체크,비키니,바캉스룩,셀스타,논현,오피스룩,다이어트,홈트,데일리룩,신사,코디추천,셀기꾼,데이트룩,selfie,강남,신사역카페,셀카,운동하는여자,ootd,둔산동,나이키,이태원,,,"
"258,modicc__,,,,,,,,,,,,,,,,,,,,,,,,,,,,,,"
"259,zz_nong_,인친,데일리룩,고양,selca,이태원,selfie,ootd,가로수길,데일리,일상스타그램,daily,likeforlikes,피드,follow,오오티디,전신샷,me,셀카,좋아요,일산,소통,instagood,셀스타스램,팔로우,강남,like4likes,좋반,셀기꾼,셀피,일상"
"260,divedeepinto_you on ,,,,,,,,,,,,,,,,,,,,,,,,,,,,,,"
"261,j.eeun,광주,이태원,like,좋아요반사,블로그,스토어팜,팔로우,fashion,서울,좋아요,selca,daily,좋반,선팔하면맞팔,강남,셀피,셀카,대구,dailylook,먹스타그램,블로그마켓,데일리룩,selfie,소통,부산,맞팔,셀스타그램,일상,follow,"
"262,co._.ool,,,,,,,,,,,,,,,,,,,,,,,,,,,,,,"
"263,eunvely_sh,선팔맞팔환영,팔로우늘리기,셀카,옷가게,팔로우,운동하는여자,좋아요,운동하는남자,25,팔로미,좋반,블로그마켓,선팔해요,선팔좋아요,요가복,운동복,인스타데일리,f4f,좋아요반사,필라테스,스토어팜,광주,훈녀,fff,팔로우환영,오오티디,일상,선팔환영,,"
"264,Null,lifestyle,follow4like,오오티디,followforfollowback,좋아요,선팔,selfie,like,follow4followback,이태원,카페,좋아요반사,일상스타그램,맞팔,likeforlikes,선팔맞팔,선팔하면맞팔,얼스타그램,셀스타그램,좋반,가로수길,food,홍대,likeforfollow,f4f,follow,l4l,셀카,일상,데일리"
"265,bxxyxmx,makeup,데일리,인친해요,인스타,맞팔,옷,일상스타그램,01,데일리룩,셀카,selca,팔로우,선팔,팔로우미,선팔하면맞팔,셀피,소통해요,좋반,팔로우환영,좋아요,좋아요반사,daily,좋아요테러,selfie,01년생,insta,피드,dailylook,,"
"266,z_m1n_,카페,l4l,이태원,f4f,맛집,압구정,가로수길,한강,일상,오오티디,뷰티,인스타그램,첫줄,선팔,럽스타그램,홍대,좋아요,맞팔,얼스타그램,홈데코,소통,좋아요반사,분당,ootd,한남동,셀스타그램,셀카,디뮤지엄,동성로,"
"267,gold_ju__,셀피,선팔,운동하는남자,모노키니,소통,얼스타그램,레깅스,fitnessgirl,헬스타그램,followback,bodygoal,이태원,sel,sport,daily,협찬,맞팔,운동녀,fff,hip,힙업운동,필라테스,bikini,좋아요반사,like4likes,운동하는여자,해운대,홍대,셀스타그램,몸매"
"268,_dleksql_,instadaily,이태원,패션,followers,셀피,수원,데일리,좋아요,일상,셀카,instagram,dailylook,like4likes,맞팔,instamood,instalike,selfie,ootd,instagood,follow,daily,오오티디,데일리룩,팔로우,selca,,,,,"
"269,baegguggu on Instagr,먹스타그램,데일리,아이폰,이태원,럽스타스램,일상,동성로,맞팔,가로수길,팔로우,첫줄,맞팔해요,좋아요,인친,선팔하면맞팔,소통,강남,셀스타그램,셀피,선팔맞팔,셀카,좋아요반사,카페,압구정,얼스타그램,친스타그램,맛집,홍대,오늘,선팔"
"270,cham_0o0,댓글,얼스타그램,가로수길,강남,한남동,럽스타그램,선팔,좋반,이태원,인사동,명동,일상스타그램,홍대,울산,좋아요,like4like,인친,감성,오오티디,대전,카페,광주,follow4follow,맞팔,헬스타그램,셀카,팔로우,셀스타그램,좋아요반사,"
"271,th2ke,,,,,,,,,,,,,,,,,,,,,,,,,,,,,,"
"272,zero_x2_,데일리,압구정,카페,선팔맞팔,인친,아이폰,셀카,맞팔,맞팔해요,친스타그램,좋아요,좋아요반사,이태원,오늘,팔로우,동성로,강남,선팔하면맞팔,셀피,홍대,먹스타그램,맛집,얼스타그램,일상,가로수길,셀스타그램,첫줄,소통,맞팔환영,선팔"
"273,zsoiiy,첫줄,얼스타그램,홍대,일상,선팔맞팔,선팔,이태원,셀카,셀스타그램,맞팔해요,강남,카페,압구정,좋아요반사,좋아요,맛집,오늘,먹스타그램,동성로,인친,셀피,선팔하면맞팔,가로수길,데일리,아이폰,럽스타그램,팔로우,맞팔,소통,친스타그램"
"274,Null,,,,,,,,,,,,,,,,,,,,,,,,,,,,,,"
"275,_sunsu713_ on Instag,셀카,친스타그램,선팔후맞팔,좋반,뷰티스타그램,일상,선팔,코덕,뷰티,맛집,맞팔,동성로,좋아요반사,아이폰,강남,셀피,좋아요,홍대,이태원,소통,셀스타그래,먹스타그램,얼스타그램,선팔맞팔,인친,첫줄,럽스타그램,,,"
"276,ree._.mi,,,,,,,,,,,,,,,,,,,,,,,,,,,,,,"
"277,ma_ri_ya_minttt,fff,follow4followback,푸산,안국,이태원,대구,씨엘,likeme,likeforlikeback,likelikelike,likeforlikes,서울,likeforfollow,likelike,인천,대국,홍대,diary,강남,이채린,follow4like,like4likes,like4follow,,,,,,,"
"278,gold_ju__,몸매,레깅스,좋아요반사,fitnessgirl,bodygoal,협찬,힙업운동,like4likes,daily,소통,필라테스,헬스타그램,sel,맞팔,bikini,홍대,sport,운동녀,fff,해운대,이태원,hip,선팔,셀스타그램,셀피,운동하는여자,운동하는남자,followback,얼스타그램,"
"279,t_t.h.o,,,,,,,,,,,,,,,,,,,,,,,,,,,,,,"
"280,honeyteng_,selfie,뷰티,카페,소통,홍대,먹스타그램,패션,커피,일상,얼스타그램,인테리어,해운대,맞팔,데일리,셀카,선팔하면맞팔,맛집,셀스타그램,좋아요,인스타그램,이태원,가로수길,셀피,인친,동성로,선팔,쇼핑,강남,좋아요반사,"
"281,honeyteng_,좋아요반사,셀카,뷰티,강남,해운대,선팔,셀피,얼스타그램,맞팔,쇼핑,홍대,인스타그램,소통,selfie,패션,동성로,데일리,선팔하면맞팔,일상,셀스타그램,좋아요,맛집,가로수길,먹스타그램,인친,인테리어,이태원,커피,카페,"
"282,honeyteng_,쇼핑,커피,데일리,이태원,인테리어,selfie,패션,셀스타그램,인친,소통,뷰티,맛집,셀피,셀카,맞팔,홍대,일상,선팔하면맞팔,좋아요반사,얼스타그램,좋아요,선팔,가로수길,카페,동성로,인스타그램,먹스타그램??,강남,해운대,"
"283,gyeong__ji,맞좋아요,서면,강남,패션,selfie,fff,얼스타그램,해운대,선팔,소통,좋아요반사,좋반,팔로우미,이태원,좋아요,동성로,맞팔,좋아요테러,like4likes,인친,likeforlikes,ootd,디뮤지엄,선팔환영,여행스타그램,데일리,맞팔선팔,맞팔환영,팔로워,"
"284,_so_ve_ly on Instagr,instagood,23,좋아요반사,선팔하면맞팔,likeforlikes,selca,이태원,팔로우,소통,강남,미용인,likeforfollow,photooftheday,홍대,맞팔,fashion,like4likes,선팔,셀스타그램,instalike,일상,좋반,ootd,selfie,follow,24,,,,"
"285,yo_u_jung_,홍대,ootd,dm,이태원,팔로우,서면,좋아요,사진스타그램,맞팔,배우지망생,배우,좋아요반사,19학번,20,follow,해운대,부산,친스타그램,협찬,선팔,서울,승무원,좋반,경북,00년생,항공과,대구,선팔하면맞팔,,"
"286,backjiwonmonkey,,,,,,,,,,,,,,,,,,,,,,,,,,,,,,"
"287,pae5nic_kr,좋반,강남,일상스타그램,likeforfollow,오오티디,like4likes,인친,f4f,instagood,홍대,셀스타그램,사진,좋아요반사,daily,l4l,좋아요,셀피,선팔,얼스타그램,follow,ootd,일상,스트릿패션,이태원,맞팔,followforfollowback,팔로우,instagram,오오티디룩,"
"288,pae5nic_kr,사진,instagood,일상,like4likes,스트릿패션,인친,홍대,이태원,ootd,follow,followforfollowback,팔로우,오오티디룩,선팔,일상스타그램,좋반,좋아요,l4l,daily,강남,오오티디,좋아요반사,instagram,얼스타그램,f4f,셀스타그램,맞팔,likeforfollow,셀피,"
"289,kim_byeong_jin_,댓글,서면,daily,얼스타,셀기꾼,부산,운동,패션,소통,좋아요,이태원,강남,광안리,훈녀,선팔하면맞팔,인스타그램,ootd,셀스타그램,좋아요반사,내외동,산팔,셀스타,팔로우,오오티디,훈남,데일리,데일리룩,selife,감성,인친"
"290,madeumji5555 on Inst,인천,할로윈파티,이태원메이드클럽,이태원메이드게스트,이태원메이드가격,이태원메이드예약,이태원메이드무료게스트,크리스마스선입,강남,김포,크리스마스파티,홍대,이태원메이드무료입장,이태원메이드게스트신청,이태원메이드일렉,이태원메이드입장,이태원,hbd,파운틴,글램,,,,,,,,,,"
"291,itaewon_made_club,이태원메이드게스트무료입장,이메게스트문의,인스타그램,이태원메이드게스트,이태원메이드,이태원클럽,이태원메이드가격,이메테이블,메이드테이블문의,이태원메이드엠디,이태원메이드게스트입장,클럽메이드,이태원메이드테이블예약,이태원핫플,부추,이메테이블예약,이태원,이메게스트,이태원메이드테이블,이태원메이드게스트신청,이메,메이드게스트,테이블문의,이태원메이드예약,메이드엠디,이태원메이드무료입장,이메테이블문의,메이드무료입장,엠디,클럽"
"292,itaewon_made_club,이태원핫플,이태원메이드엠디,이태원메이드게스트입장,이태원메이드무료입장,이메게스트,이태원클럽,메이드게스트,테이블문의,이태원,이태원메이드,클럽,이태원메이드테이블,이메테이블예약,이메게스트문의,이태원메이드게스트무료입장,부추,이메테이블,이태원메이드예약,이태원메이드테이블예약,메이드엠디,메이드테이블문의,이메,클럽메이드,엠디,이태원메이드가격,이태원메이드게스트신청,인스타그램,이메테이블문의,이태원메이드게스트,메이드무료입장"
"293,daily_alswl_,새벽반,,,,,,,,,,,,,,,,,,,,,,,,,,,,,"
"294,hakk__2,인친환영,선팔,쇼핑몰,옷스타그램,셀카,소통,가로수길,데일리룩,패션스타그램,이태원,패션,셀스타그램,서면,대구,selca,데일리,좋아요반사,오오티디,홍대,selfie,맞팔환영,강남,해운대,럽스타그램,남자옷,선팔하면맞팔,daily,맞팔,,"
"295,youn_vely2,데일리,일상,존잼,이태원,셀스타그램,셀카,불금,핫해,,,,,,,,,,,,,,,,,,,,,,"
"296,club_reverse_officia,바이브,디에이,동성로,부산클럽,부산여행,크리스마스,서면,에이유,서면클럽,리버스,해운대,플렉스,디헬,강남,블로썸,마하,벨포스,메이드,페이스,경대,인트로,이태원,매스,해운대클럽,아쿠아,부산핫플,광안리,서면핫플,삼산,"
"297,Null,좋반사,맞좋,뷰티,likelike,좋반,23살,좋테,선팔하면맞팔,좋반테러,선팔환영,오늘의훈녀,likeforlikes,좋튀,선팔,강남,좋아요반사,좋테반사,맞팔,like4likes,좋아요테러,인친,훈녀,이태원,홍대,좋아요,,,,,"
"298,sophie_timmy_eddie,겨울밤,한남동,불금??,이태원,,,,,,,,,,,,,,,,,,,,,,,,,,"
"299,my___bin___,데일리,이태원,mood,시험,부산,like4like,광안리,일상,f4f,likeforlike,instagram,해운대,iphone,홍대,맞팔,selife,가로수길,서면,좋아요,follow4follow,서울,대학생,선팔맞팔,선팔,사진스타그램,followforfollow,fff,좋반,instagood,공부"
"300,k_c_0r,좋아요반사,좋아요,맞팔환영,l4l,맞팔,여행,선팔맞팔,이태원,팔로잉,셀스타그램,likeforfollow,followforfollowback,팔로우,follow,홍대,신촌,서울,likeforlikes,강남,lfl,f4f,가로수길,전포카페거리,울산,likes,fff,일상,댓글,오오티디,선팔"
"301,ttttae_won,맛집,광안리,맞팔환영,경대,셀피,가로수길,커피,강남,한남동,전신,선팔,선팔하면맞팔,셀카,술스타그램,홍대,좋아요반사,아이폰,소통해요,데일리코디,얼스타그램,이태원,서면,일상,먹스타그램,oopd,패션,맛스타그램,해운대,인스타,맞팔"
"302,eb_0220 on Instagram,셀카,fallow,deajeon,인스타,인생샷,불금,은행동,카페,맛집,일상,직장인,소통,럽스타,둔산동,대전맛집,대전,이태원,셀스타그램,d,강남,셀키꾼,daily,직장인스타그램,instagram,둔동,in,맞팔,인생사진,,"
"303,jini_kkyu,좋아요반사,선팔,daily,dailylook,좋아요,follow,셀카,selfie,f4f,me,강남,데일리룩,l4l,오늘의훈녀,훈녀,girl,셀피,모델,옥타곤,맞팔,korea,이태원,korean,팔로우,소통,클럽,followme,ootd,,"
"304,u_llm,네버엔딩,규미생일,,,,,,,,,,,,,,,,,,,,,,,,,,,,"
"305,Null,구월동,99,신시가지,인친,좋아요,인계동,분당,좋아요반사,00,성수동,홍대,충장로,맞팔,세종,전주,두정동,데일리,수완지구,이태원,일상,강남,동성로,선팔,신사,논현,둔산동,신림,팔로우,서면,"
"306,gg.yul_,맞팔,daily,selfie,일상,weekend,photograph,소통,강남,뷰티,ballet,셀피,follow,instagram,photooftheday,instadaily,likeforfollow,style,좋반,팔로우,instalike,photo,데일리,instagood,99,이태원,셀카,ootd,21,,"
"307,sxhxx_z on Instagram,,,,,,,,,,,,,,,,,,,,,,,,,,,,,,"
"308,iamsezero,압구정,코디추천,운동하는여자,오피스룩,데이트룩,구시청,가로수길카페,데일리룩,바디체크,신사역카페,셀기꾼,ootd,바캉스룩,비키니,신사,강남,selfie,셀카,논현,나이키,홈트,눈바디,이태원,둔산동,상무지구,다이어트,셀스타,,,"
"309,modicc__,,,,,,,,,,,,,,,,,,,,,,,,,,,,,,"
"310,zz_nong_,,,,,,,,,,,,,,,,,,,,,,,,,,,,,,"
"311,divedeepinto_you on ,,,,,,,,,,,,,,,,,,,,,,,,,,,,,,"
"312,zsoiiy,선팔,첫줄,홍대,인친,동성로,럽스타그램,일상,먹스타그램,선팔하면맞팔,데일리,친스타그램,셀피,압구정,카페,맞팔,강남,팔로우,선팔맞팔,아이폰,이태원,셀스타그램,셀카,좋아요,맞팔해요,얼스타그램,가로수길,좋아요반사,소통,맛집,오늘"
"313,Null,,,,,,,,,,,,,,,,,,,,,,,,,,,,,,"
"314,_sunsu713_ on Instag,동성로,코덕,선팔,좋반,인친,소통,강남,첫줄,맛집,셀피,이태원,럽스타그램,홍대,뷰티스타그램,선팔후맞팔,셀카,아이폰,좋아요반사,셀스타그래,먹스타그램,일상,좋아요,맞팔,뷰티,얼스타그램,선팔맞팔,친스타그램,,,"
"315,ree._.mi,,,,,,,,,,,,,,,,,,,,,,,,,,,,,,"
"316,ma_ri_ya_minttt,likeforlikes,이태원,follow4like,대구,like4follow,인천,likeme,likelikelike,follow4followback,likeforfollow,fff,like4likes,이채린,푸산,강남,likelike,diary,씨엘,대국,likeforlikeback,홍대,서울,안국,,,,,,,"
"317,gold_ju__,like4likes,셀스타그램,해운대,홍대,헬스타그램,필라테스,운동하는여자,sel,followback,bikini,소통,운동녀,얼스타그램,레깅스,fitnessgirl,맞팔,협찬,daily,sport,선팔,bodygoal,몸매,힙업운동,셀피,좋아요반사,fff,이태원,운동하는남자,hip,"
"318,t_t.h.o,,,,,,,,,,,,,,,,,,,,,,,,,,,,,,"
"319,honeyteng_,뷰티,데일리,좋아요,홍대,셀카,얼스타그램,맞팔,인스타그램,인테리어,맛집,인친,해운대,동성로,선팔하면맞팔,좋아요반사,셀스타그램,먹스타그램,일상,소통,커피,패션,카페,셀피,이태원,selfie,강남,선팔,쇼핑,가로수길,"
"320,honeyteng_,이태원,강남,인스타그램,셀스타그램,가로수길,먹스타그램,데일리,동성로,해운대,쇼핑,셀카,패션,맞팔,좋아요반사,인테리어,셀피,맛집,좋아요,뷰티,선팔,소통,카페,selfie,얼스타그램,커피,일상,인친,홍대,선팔하면맞팔,"
"321,honeyteng_,패션,카페,좋아요,셀스타그램,선팔하면맞팔,해운대,셀피,좋아요반사,일상,맛집,강남,뷰티,가로수길,인스타그램,데일리,쇼핑,커피,선팔,selfie,인친,얼스타그램,셀카,맞팔,먹스타그램??,소통,이태원,홍대,인테리어,동성로,"
"322,gyeong__ji,맞팔환영,좋아요반사,좋아요테러,fff,좋아요,맞좋아요,팔로우미,팔로워,여행스타그램,맞팔,인친,동성로,얼스타그램,selfie,선팔환영,소통,강남,맞팔선팔,likeforlikes,like4likes,ootd,패션,디뮤지엄,서면,데일리,좋반,해운대,이태원,선팔,"
"323,_so_ve_ly on Instagr,이태원,selfie,좋반,선팔,미용인,likeforfollow,팔로우,일상,ootd,photooftheday,강남,selca,셀스타그램,소통,24,홍대,instalike,likeforlikes,like4likes,instagood,follow,fashion,좋아요반사,선팔하면맞팔,맞팔,23,,,,"
"324,yo_u_jung_,이태원,대구,선팔,서울,항공과,사진스타그램,팔로우,승무원,해운대,친스타그램,좋아요,협찬,선팔하면맞팔,경북,19학번,00년생,홍대,좋아요반사,좋반,dm,배우,배우지망생,부산,follow,ootd,서면,20,맞팔,,"
"325,backjiwonmonkey,,,,,,,,,,,,,,,,,,,,,,,,,,,,,,"
"326,pae5nic_kr,강남,일상,followforfollowback,셀피,홍대,일상스타그램,instagood,오오티디,f4f,좋반,얼스타그램,인친,좋아요반사,좋아요,follow,셀스타그램,ootd,오오티디룩,likeforfollow,팔로우,스트릿패션,like4likes,이태원,daily,l4l,사진,맞팔,선팔,instagram,"
"327,pae5nic_kr,맞팔,일상,인친,like4likes,likeforfollow,follow,선팔,l4l,좋아요반사,followforfollowback,셀피,팔로우,오오티디,f4f,instagood,사진,daily,강남,홍대,좋아요,셀스타그램,오오티디룩,얼스타그램,스트릿패션,일상스타그램,좋반,이태원,instagram,ootd,"
"328,kim_byeong_jin_,서면,인스타그램,daily,셀스타그램,운동,선팔하면맞팔,이태원,댓글,강남,광안리,소통,팔로우,산팔,부산,인친,셀기꾼,내외동,ootd,오오티디,selife,훈녀,셀스타,감성,데일리,좋아요,패션,얼스타,데일리룩,훈남,좋아요반사"
"329,madeumji5555 on Inst,이태원메이드무료입장,할로윈파티,이태원메이드예약,강남,홍대,이태원메이드입장,이태원메이드클럽,글램,이태원메이드게스트,이태원메이드일렉,크리스마스선입,인천,이태원메이드가격,hbd,크리스마스파티,김포,이태원,이태원메이드무료게스트,파운틴,이태원메이드게스트신청,,,,,,,,,,"
"330,itaewon_made_club,이태원메이드게스트무료입장,이메게스트,이태원메이드게스트,이태원메이드테이블예약,메이드게스트,클럽,이태원메이드,부추,이태원메이드예약,메이드무료입장,이메게스트문의,이태원핫플,메이드엠디,클럽메이드,이태원메이드게스트입장,이태원메이드테이블,메이드테이블문의,엠디,이태원클럽,이태원메이드엠디,이태원메이드무료입장,테이블문의,이메테이블,이메테이블문의,이태원,이태원메이드가격,인스타그램,이태원메이드게스트신청,이메테이블예약,이메"
"331,itaewon_made_club,이메,이태원메이드게스트입장,이메테이블문의,이태원메이드예약,메이드엠디,메이드무료입장,이태원메이드테이블예약,이태원,이태원메이드게스트,이태원메이드무료입장,엠디,이태원메이드게스트무료입장,부추,메이드게스트,이태원메이드가격,이태원메이드게스트신청,이태원클럽,인스타그램,이태원핫플,클럽,클럽메이드,이메게스트,이메게스트문의,이메테이블,이태원메이드테이블,테이블문의,이메테이블예약,이태원메이드,이태원메이드엠디,메이드테이블문의"
"332,daily_alswl_,새벽반,,,,,,,,,,,,,,,,,,,,,,,,,,,,,"
"333,hakk__2,럽스타그램,데일리,쇼핑몰,오오티디,셀스타그램,서면,맞팔환영,선팔,옷스타그램,이태원,홍대,강남,대구,패션스타그램,소통,해운대,selca,선팔하면맞팔,데일리룩,daily,좋아요반사,패션,남자옷,selfie,가로수길,맞팔,셀카,인친환영,,"
"334,youn_vely2,불금,데일리,일상,셀스타그램,핫해,셀카,존잼,이태원,,,,,,,,,,,,,,,,,,,,,,"
"335,club_reverse_officia,벨포스,해운대,크리스마스,에이유,부산여행,리버스,디헬,페이스,인트로,부산핫플,서면핫플,경대,매스,동성로,삼산,이태원,서면클럽,플렉스,해운대클럽,바이브,마하,블로썸,아쿠아,디에이,강남,광안리,서면,부산클럽,메이드,"
"336,Null,좋반사,좋아요,선팔환영,like4likes,오늘의훈녀,좋테반사,좋튀,홍대,23살,강남,맞팔,좋아요테러,좋반테러,선팔하면맞팔,likelike,likeforlikes,뷰티,인친,이태원,훈녀,좋반,좋테,맞좋,선팔,좋아요반사,,,,,"
"337,sophie_timmy_eddie,겨울밤,이태원,한남동,불금??,,,,,,,,,,,,,,,,,,,,,,,,,,"
"338,my___bin___,사진스타그램,f4f,instagood,like4like,서울,selife,시험,선팔맞팔,선팔,광안리,이태원,맞팔,followforfollow,공부,follow4follow,fff,likeforlike,데일리,홍대,좋반,해운대,가로수길,대학생,부산,좋아요,iphone,instagram,서면,mood,일상"
"339,k_c_0r,팔로우,좋아요,follow,댓글,일상,f4f,좋아요반사,선팔맞팔,서울,강남,likes,가로수길,전포카페거리,followforfollowback,여행,fff,lfl,이태원,likeforlikes,홍대,맞팔,셀스타그램,likeforfollow,울산,선팔,l4l,맞팔환영,신촌,팔로잉,오오티디"
"340,ttttae_won,한남동,경대,강남,가로수길,맛집,아이폰,선팔,홍대,패션,셀피,소통해요,맞팔,전신,서면,맛스타그램,인스타,선팔하면맞팔,얼스타그램,술스타그램,데일리코디,좋아요반사,커피,셀카,해운대,광안리,이태원,먹스타그램,맞팔환영,oopd,일상"
"341,eb_0220 on Instagram,직장인,instagram,셀키꾼,둔산동,인스타,일상,인생사진,소통,셀스타그램,in,대전,인생샷,셀카,불금,deajeon,럽스타,둔동,이태원,카페,은행동,fallow,대전맛집,d,직장인스타그램,강남,daily,맛집,맞팔,,"
"342,x.vxvz,,,,,,,,,,,,,,,,,,,,,,,,,,,,,,"
"343,itaewonmade_gunyul,이태원메이드주대,이태원클럽무료게스트,이태원메이드무료게스트,이태원,이태원메이드게스트문의,이태원클럽,이태원메이드위치,클럽,이태원메이드,이태원메이드게스트무료,이태원메이드문의,이태원메이드가격,클럽스타그램,직장인,이태원메이드게스트입장,이태원클럽메이드,이태원클럽게스트,이태원클럽문의,이태원메이드무료입장,이태원메이드게스트신청,이태원메이드테이블,이태원메이드엠디,,,,,,,,"
"344,_harm_ee,좋아요,졸업공연,실용음악,나뭇잎마을,공연장,강남,작곡전공,서경대학교,자작곡,실용음악과,혜화,공연,혜화역,피아노레슨,혜화역1번출구,홍대,이태원,졸업,작곡,피아노,서경대실용음악과,,,,,,,,,"
"345,luv._ra2.m,,,,,,,,,,,,,,,,,,,,,,,,,,,,,,"
"346,park_chani,22,이태원,강남,맛스타그램,둔산동,ootd,인스타그램,은행동,instagram,홍대,daily,대흥동,소통,98,선팔,팔로워,가로수길,follow,일상,대전,팔로잉,데일리,세종,일상스타그램,맞팔,서울,먹스타그램,팔로우,오오티디,"
"347,djscoop_official,clubfullmoon,한화이글스,이태원,클럽풀문,클럽,풀문,풀문클럽,이글스,,,,,,,,,,,,,,,,,,,,,,"
"348,onestar__24,해운대,한남동,맞팔해요,광주카페,좋아요,이태원,대구,서울카페,인친,좋아요반사,인천,셀스타그램,잠실,동성로,부산카페,수원,좋반,얼스타그램,소통,카페,논현동,대전,가로수길,igers,맞팔,서면,선팔하면맞팔,셀피,연남동,동명동"
"349,dog_god_han010,internationalclub,이태원,영등포,afterclub,일산,홍대클럽,금인클,인천,애프터클럽,부천,김포,광명,파주,홍대인클,힙합클럽,홍대,hiphopclub,hiphop,강남,신림,인클,힙합,,,,,,,,"
"350,jeonggwangseog0117,,,,,,,,,,,,,,,,,,,,,,,,,,,,,,"
"351,l__pericles,인스타라이프,부산,내동생,셀피,해운대,태풍이,셀스타그램,instaday,서울,셀카,한강,광안리,강남,서면,today,인스타데일리,마린시티,얼스타그램,데일리,개스타그램,코카스파니엘,daily,논현,셀카그램,이태원,instadaily,dailylook,instagram,,"
"352,h._.20n_,여행,스물,followforfollowback,가로수길,이태원,동성로,소통,instadairy,술스타그램,ootd,첫줄반사,dairylook,likeforlikes,선팔하면맞팔,양산,뷰티,청담동,instagood,f4fl4l,해운대,홍대,좋아요반사,inspiration,부산카페,광안리,일상,부산,followme,미용인,"
"353,l_ip__,,,,,,,,,,,,,,,,,,,,,,,,,,,,,,"
"354,jini_kkyu,맞팔,모델,셀피,소통,l4l,오늘의훈녀,클럽,좋아요반사,korea,selfie,korean,강남,이태원,훈녀,ootd,followme,데일리룩,me,좋아요,선팔,팔로우,셀카,daily,f4f,옥타곤,dailylook,follow,girl,,"
"355,u_llm,네버엔딩,규미생일,,,,,,,,,,,,,,,,,,,,,,,,,,,,"
"356,Null,서면,논현,홍대,세종,동성로,신시가지,분당,둔산동,00,이태원,99,맞팔,수완지구,선팔,인친,좋아요반사,충장로,신사,두정동,신림,구월동,일상,강남,팔로우,좋아요,데일리,전주,인계동,성수동,"
"357,gg.yul_,follow,좋반,daily,21,photograph,맞팔,99,뷰티,selfie,ootd,photo,instalike,일상,팔로우,likeforfollow,photooftheday,instagram,이태원,셀피,style,weekend,instadaily,셀카,instagood,ballet,소통,강남,데일리,,"
"358,sxhxx_z on Instagram,,,,,,,,,,,,,,,,,,,,,,,,,,,,,,"
"359,iamsezero,눈바디,비키니,셀스타,운동하는여자,가로수길카페,다이어트,데이트룩,논현,신사,압구정,셀카,구시청,코디추천,바캉스룩,나이키,신사역카페,바디체크,셀기꾼,ootd,selfie,이태원,상무지구,둔산동,강남,데일리룩,오피스룩,홈트,,,"
"360,modicc__,,,,,,,,,,,,,,,,,,,,,,,,,,,,,,"
"361,zz_nong_,전신샷,팔로우,좋반,일상,셀피,like4likes,selca,데일리,ootd,좋아요,데일리룩,셀카,강남,셀기꾼,고양,셀스타스램,이태원,피드,인친,daily,좋튀,일상스타그램,me,일산,likeforlikes,가로수길,instagood,selfie,오오티디,소통"
"362,divedeepinto_you on ,,,,,,,,,,,,,,,,,,,,,,,,,,,,,,"
"363,yo_u_jung_,서면,좋반,부산,좋아요반사,배우지망생,사진스타그램,맞팔,홍대,좋아요,follow,dm,00년생,항공과,배우,경북,선팔,해운대,20,ootd,서울,협찬,친스타그램,19학번,이태원,승무원,팔로우,대구,선팔하면맞팔,,"
"364,backjiwonmonkey,,,,,,,,,,,,,,,,,,,,,,,,,,,,,,"
"365,pae5nic_kr,팔로우,follow,좋반,instagram,l4l,얼스타그램,오오티디룩,셀피,인친,instagood,followforfollowback,선팔,사진,이태원,ootd,f4f,likeforfollow,스트릿패션,오오티디,like4likes,셀스타그램,맞팔,일상스타그램,좋아요,daily,강남,일상,홍대,좋아요반사,"
"366,pae5nic_kr,daily,follow,오오티디,일상스타그램,instagood,일상,선팔,instagram,셀스타그램,맞팔,좋아요,사진,ootd,좋아요반사,팔로우,셀피,f4f,오오티디룩,스트릿패션,강남,like4likes,홍대,좋반,인친,이태원,likeforfollow,얼스타그램,l4l,followforfollowback,"
"367,kim_byeong_jin_,셀스타그램,좋아요,감성,광안리,산팔,daily,패션,훈남,데일리룩,훈녀,부산,인친,얼스타,이태원,선팔하면맞팔,좋아요반사,selife,내외동,인스타그램,운동,셀스타,셀기꾼,댓글,팔로우,강남,서면,오오티디,데일리,ootd,소통"
"368,madeumji5555 on Inst,이태원메이드일렉,이태원메이드예약,이태원메이드무료입장,hbd,이태원,김포,이태원메이드클럽,크리스마스선입,파운틴,강남,크리스마스파티,할로윈파티,이태원메이드입장,이태원메이드무료게스트,글램,인천,이태원메이드가격,이태원메이드게스트신청,이태원메이드게스트,홍대,,,,,,,,,,"
"369,itaewon_made_club,이태원핫플,이메테이블예약,이태원메이드,이태원메이드무료입장,이태원메이드게스트무료입장,이태원메이드게스트신청,이메,메이드게스트,메이드엠디,메이드무료입장,이태원메이드가격,이메테이블,이태원,이태원클럽,인스타그램,이태원메이드테이블예약,테이블문의,엠디,이태원메이드게스트,이태원메이드테이블,클럽,이태원메이드예약,이메테이블문의,이태원메이드게스트입장,메이드테이블문의,클럽메이드,이메게스트문의,부추,이태원메이드엠디,이메게스트"
"370,itaewon_made_club,이태원메이드,이태원메이드게스트무료입장,인스타그램,이메테이블예약,엠디,이태원메이드무료입장,이메게스트문의,클럽,이태원메이드테이블,이태원,이메게스트,이태원메이드게스트,부추,이태원메이드테이블예약,이태원메이드게스트입장,메이드엠디,메이드게스트,이메,이메테이블문의,이태원클럽,이태원핫플,메이드무료입장,메이드테이블문의,이태원메이드엠디,이태원메이드게스트신청,이태원메이드가격,클럽메이드,이메테이블,이태원메이드예약,테이블문의"
"371,daily_alswl_,새벽반,,,,,,,,,,,,,,,,,,,,,,,,,,,,,"
"372,hakk__2,강남,럽스타그램,선팔,패션,데일리,이태원,셀카,서면,가로수길,daily,selfie,대구,옷스타그램,선팔하면맞팔,패션스타그램,남자옷,인친환영,좋아요반사,소통,맞팔환영,selca,맞팔,해운대,쇼핑몰,데일리룩,셀스타그램,오오티디,홍대,,"
"373,youn_vely2,데일리,일상,핫해,셀카,셀스타그램,불금,이태원,존잼,,,,,,,,,,,,,,,,,,,,,,"
"374,club_reverse_officia,광안리,서면클럽,크리스마스,리버스,삼산,벨포스,해운대클럽,부산여행,경대,에이유,강남,블로썸,서면,디에이,아쿠아,페이스,인트로,메이드,이태원,서면핫플,해운대,디헬,마하,동성로,플렉스,매스,부산클럽,부산핫플,바이브,"
"375,Null,23살,좋튀,좋아요,좋테반사,likelike,likeforlikes,선팔하면맞팔,좋테,좋반,홍대,인친,like4likes,좋반사,맞좋,선팔,훈녀,좋아요반사,맞팔,이태원,뷰티,좋반테러,좋아요테러,강남,오늘의훈녀,선팔환영,,,,,"
"376,sophie_timmy_eddie,한남동,겨울밤,불금??,이태원,,,,,,,,,,,,,,,,,,,,,,,,,,"
"377,my___bin___,좋아요,서면,광안리,선팔맞팔,해운대,홍대,일상,likeforlike,부산,fff,이태원,mood,선팔,like4like,instagood,서울,시험,follow4follow,데일리,가로수길,selife,f4f,공부,followforfollow,iphone,instagram,대학생,사진스타그램,맞팔,좋반"
"378,k_c_0r,likes,fff,팔로우,서울,홍대,l4l,가로수길,팔로잉,여행,오오티디,맞팔,선팔맞팔,울산,f4f,likeforlikes,전포카페거리,맞팔환영,셀스타그램,강남,followforfollowback,일상,댓글,선팔,이태원,likeforfollow,좋아요,lfl,follow,좋아요반사,신촌"
"379,ttttae_won,홍대,패션,광안리,커피,한남동,맞팔환영,맛집,맛스타그램,셀피,해운대,데일리코디,이태원,먹스타그램,전신,맞팔,아이폰,얼스타그램,oopd,선팔,인스타,술스타그램,소통해요,가로수길,서면,선팔하면맞팔,셀카,좋아요반사,일상,강남,경대"
"380,eb_0220 on Instagram,직장인,은행동,instagram,강남,이태원,deajeon,셀카,인생사진,in,d,대전맛집,fallow,인스타,둔동,일상,소통,daily,불금,직장인스타그램,럽스타,인생샷,맛집,카페,셀키꾼,대전,맞팔,셀스타그램,둔산동,,"
"381,x.vxvz,,,,,,,,,,,,,,,,,,,,,,,,,,,,,,"
"382,itaewonmade_gunyul,이태원메이드게스트입장,이태원메이드위치,이태원메이드무료게스트,이태원메이드테이블,이태원메이드문의,이태원클럽게스트,이태원메이드,이태원클럽,이태원메이드게스트신청,이태원클럽메이드,이태원클럽문의,이태원메이드가격,직장인,이태원,이태원클럽무료게스트,이태원메이드주대,클럽스타그램,이태원메이드무료입장,이태원메이드엠디,이태원메이드게스트문의,이태원메이드게스트무료,클럽,,,,,,,,"
"383,_harm_ee,실용음악,공연,나뭇잎마을,혜화역,강남,피아노레슨,좋아요,서경대실용음악과,혜화역1번출구,피아노,공연장,졸업,이태원,졸업공연,작곡전공,서경대학교,실용음악과,자작곡,작곡,홍대,혜화,,,,,,,,,"
"384,luv._ra2.m,,,,,,,,,,,,,,,,,,,,,,,,,,,,,,"
"385,park_chani,instagram,맞팔,팔로워,둔산동,먹스타그램,맛스타그램,강남,세종,이태원,가로수길,일상스타그램,일상,소통,팔로잉,홍대,팔로우,데일리,서울,98,오오티디,대전,대흥동,ootd,22,follow,daily,인스타그램,은행동,선팔,"
"386,djscoop_official,클럽풀문,이태원,풀문클럽,풀문,이글스,clubfullmoon,한화이글스,클럽,,,,,,,,,,,,,,,,,,,,,,"
"387,onestar__24,선팔하면맞팔,동명동,잠실,소통,셀피,서울카페,대전,igers,좋반,셀스타그램,부산카페,좋아요반사,논현동,좋아요,맞팔,맞팔해요,대구,해운대,한남동,수원,이태원,광주카페,가로수길,카페,연남동,서면,동성로,인친,얼스타그램,인천"
"388,dog_god_han010,강남,김포,신림,hiphopclub,힙합클럽,영등포,광명,인클,홍대,홍대클럽,afterclub,인천,파주,hiphop,부천,internationalclub,홍대인클,이태원,금인클,일산,힙합,애프터클럽,,,,,,,,"
"389,jeonggwangseog0117,,,,,,,,,,,,,,,,,,,,,,,,,,,,,,"
"390,l__pericles,얼스타그램,강남,부산,데일리,셀카그램,해운대,dailylook,instadaily,today,셀스타그램,태풍이,광안리,개스타그램,인스타데일리,논현,이태원,서면,daily,셀피,instaday,인스타라이프,내동생,마린시티,코카스파니엘,서울,셀카,한강,instagram,,"
"391,h._.20n_,dairylook,동성로,followme,해운대,부산카페,선팔하면맞팔,좋아요반사,스물,청담동,inspiration,일상,첫줄반사,likeforlikes,광안리,여행,홍대,instagood,f4fl4l,미용인,술스타그램,부산,가로수길,뷰티,followforfollowback,ootd,소통,이태원,양산,instadairy,"
"392,l_ip__,,,,,,,,,,,,,,,,,,,,,,,,,,,,,,"
"393,Null,셀스타그램,다렉,인친,행복,좋아요반사,선팔,서울,홍대,얼스타그램,댓글,뷰티스타그램,팔로우,소통해요,데일리,맞팔,연애,해운대,서면,럽스타그램,여행스타그램,좋아요,이태원,소통,광안리,학교,선팔하면맞팔,옷스타그램,셀카,패션,강남"
"394,l_ip__,셀스타그램,이태원,오늘의훈녀,창원,f4f,좋아요반사,17,선팔,인친,얼스타그램,follow,언팔ㄴ,selfie,followforfollowback,팔로우,instamood,follow4like,강남,홍대,맞팔,맞좋,첫줄반사,부산,l4l,likeforfollow,팔로우늘리기,데일리,followme,ootd,instagood"
"395,Null,서면,좋아요,맞팔,댓글,셀스타그램,서울,해운대,뷰티스타그램,선팔,여행스타그램,패션,럽스타그램,이태원,광안리,flex,학교,얼스타그램,데일리,선팔하면맞팔,좋아요반사,소통,연애,셀카,인친,행복,옷스타그램,소통해요,팔로우,홍대,강남"
"396,j2__adora,대구,daily,22,강남,팔로우,셀스타그램,instagood,셀카,럽스타그램,부산,소통,love,makeup,홍대,서울,학생,fashion,likeforfollow,오늘,운동,selfie,ootd,맞팔댓글,여행,좋아요반사,이태원,followers,beauty,좋아요,일상"
"397,dv0_0rb,,,,,,,,,,,,,,,,,,,,,,,,,,,,,,"
"398,gs_25_,맞팔,가로수길,이태원,수완지구,상무지구,송정리,감성,데일리룩,동성로,데일리,강남,선팔,주말,맛집,패션,구시청,팔로우,광주,일상,시내,dailylook,daily,lfl,신안동,fff,소통,셀카,카페,셀피,동명동"
"399,utopia_._._,like4likes,이태원,followers,instagood,셀카,좋튀,instafood,데일리,소통,selpic,좋아요반사,팔로우,인친,좋아요,팔로미,뷰티,likeforfollow,selfie,like,셀스타그램,selca,얼스타그램,강남,셀피,맞팔,셀픽,,,,"
"400,bae___zee,일상,selfie,홍대,맞팔,아이폰,데일리,한남동,좋아요반사,소통,instagram,광안리,셀카,서면,동성로,선팔,좋아요,해운대,l4l,llike4like,인스타그램,fff,인친,이태원,ootd,댓글,셀스타그램,daily,followme,오오티디,"
"401,0110_ky on Instagram,반차,주말,이태원,,,,,,,,,,,,,,,,,,,,,,,,,,,"
"402,pi.__.gyu,,,,,,,,,,,,,,,,,,,,,,,,,,,,,,"
"403,stylerjang,발베니,칵테일,이태원,주말,데일리,싱글몰트,일상,바텐더,드레서,불금,,,,,,,,,,,,,,,,,,,,"
"404,dog_god_han010,,,,,,,,,,,,,,,,,,,,,,,,,,,,,,"
"405,jini_kkyu,모델,좋아요,선팔,클럽,팔로우,이태원,ootd,오늘의훈녀,소통,데일리룩,girl,좋아요반사,강남,followme,l4l,훈녀,dailylook,맞팔,f4f,셀피,daily,selfie,me,셀카,follow,korea,korean,옥타곤,,"
"406,u_llm,규미생일,네버엔딩,,,,,,,,,,,,,,,,,,,,,,,,,,,,"
"407,Null,성수동,구월동,서면,분당,세종,99,둔산동,좋아요반사,인계동,강남,신사,두정동,이태원,00,신시가지,맞팔,인친,선팔,데일리,홍대,일상,팔로우,전주,충장로,동성로,신림,좋아요,논현,수완지구,"
"408,gg.yul_,강남,instagram,style,이태원,instadaily,instagood,데일리,photograph,21,follow,팔로우,ootd,일상,소통,daily,셀카,weekend,selfie,likeforfollow,ballet,좋반,99,instalike,photooftheday,뷰티,셀피,photo,맞팔,,"
"409,sxhxx_z on Instagram,,,,,,,,,,,,,,,,,,,,,,,,,,,,,,"
